USE master;
GO
-- Xóa database nếu tồn tại
IF EXISTS (SELECT * FROM sys.databases WHERE name = 'VHomeClean')
BEGIN
    ALTER DATABASE VHomeClean SET SINGLE_USER WITH ROLLBACK IMMEDIATE;
    DROP DATABASE VHomeClean;
END
GO
-- Tạo database VHomeClean
CREATE DATABASE VHomeClean
COLLATE Vietnamese_CI_AS;
GO
USE VHomeClean;
GO
-- Tạo bảng CateService
CREATE TABLE CateService
(
  CateID INT NOT NULL,
  CateName NVARCHAR(255) NOT NULL,
  PRIMARY KEY (CateID)
);
GO
-- Tạo bảng Service
CREATE TABLE Service
(
  ServiceID NVARCHAR(20) NOT NULL,
  ServiceName NVARCHAR(255) NOT NULL,
  Price MONEY NOT NULL,
  ServiceDetail NVARCHAR(MAX) NOT NULL,
  CateID INT NOT NULL,
  Image NVARCHAR(255) NOT NULL,
  Status BIT NOT NULL,
  PRIMARY KEY (ServiceID),
  FOREIGN KEY (CateID) REFERENCES CateService(CateID)
);
GO
-- Tạo bảng RoleAccount
CREATE TABLE RoleAccount
(
  RoleID INT NOT NULL,
  RoleName NVARCHAR(255) NOT NULL,
  PRIMARY KEY (RoleID)
);
GO
-- Tạo bảng Account
CREATE TABLE Account
(
  AccountID NVARCHAR(20) NOT NULL,
  Email NVARCHAR(255) NOT NULL,
  Password NVARCHAR(255) NOT NULL,
  FullName NVARCHAR(255) NOT NULL,
  Address NVARCHAR(255) NOT NULL,
  Phone NVARCHAR(20) NOT NULL,
  RoleID INT NOT NULL,
  Gender NVARCHAR(20) NOT NULL,
  DateOfBirth DATE NOT NULL,
  Status BIT NOT NULL,
  Image NVARCHAR(MAX) NOT NULL,
  Salary MONEY,
  PRIMARY KEY (AccountID),
  FOREIGN KEY (RoleID) REFERENCES RoleAccount(RoleID)
);
GO

-- Tạo bảng BlogCate
CREATE TABLE BlogCate
(
  BlogCateID INT NOT NULL PRIMARY KEY,
  CateName NVARCHAR(255) NOT NULL
);
GO
-- Tạo bảng Blog
CREATE TABLE Blog
(
  BlogID INT IDENTITY(1,1) NOT NULL,
  CommentID INT,
  Title NVARCHAR(255) NOT NULL,
  SubTitle NVARCHAR(MAX),
  Content NVARCHAR(MAX) NOT NULL,
  AccountID NVARCHAR(20) NOT NULL,
  BlogCateID INT NOT NULL,
  Time DATETIME NOT NULL,
  Image NVARCHAR(255) NOT NULL,
  PRIMARY KEY (BlogID),
  FOREIGN KEY (AccountID) REFERENCES Account(AccountID),
  FOREIGN KEY (BlogCateID) REFERENCES BlogCate(BlogCateID)
);
GO
CREATE TABLE BlogRating
(
	AccountID NVARCHAR(20) NOT NULL,
	BlogID INT NOT NULL,
	Rating INT NOT NULL,
	FOREIGN KEY (AccountID) REFERENCES Account(AccountID),
	FOREIGN KEY (BlogID) REFERENCES Blog(BlogID)
)
GO
-- Tạo bảng Booking
CREATE TABLE Booking
(
  BookingID INT IDENTITY(1,1) NOT NULL,
  AccountID NVARCHAR(20) NOT NULL,
  BookingStatus NVARCHAR(100) NOT NULL,
  StaffID NVARCHAR(20),
  ServiceID NVARCHAR(20) NOT NULL,
  PRIMARY KEY (BookingID),
  FOREIGN KEY (AccountID) REFERENCES Account(AccountID),
  FOREIGN KEY (ServiceID) REFERENCES Service(ServiceID)
);
GO
-- Tạo bảng BookingDetail
CREATE TABLE BookingDetail
(
  BookingDetail_ID INT IDENTITY(1,1) NOT NULL, 
  BookingID INT NOT NULL,
  TotalPrice MONEY,
  BookingDate DATETIME NOT NULL,
  BookingAddress NVARCHAR(255) NOT NULL,
  TypeOfService NVARCHAR(100) NOT NULL,
  Message NVARCHAR(MAX),
  PRIMARY KEY (BookingDetail_ID),
  FOREIGN KEY (BookingID) REFERENCES Booking(BookingID)
);
GO

CREATE TABLE Notification
(
	NotificationID INT IDENTITY(1,1) PRIMARY KEY,
	AccountID NVARCHAR(20) NOT NULL,
	BookingID INT NOT NULL,
	Detail NVARCHAR(MAX) NOT NULL,
	Create_at DATETIME DEFAULT GETDATE() NOT NULL,
	Status bit NOT NULL,
	TypeNoti NVARCHAR(50) NOT NULL,
	FOREIGN KEY (AccountID) REFERENCES Account(AccountID),
	FOREIGN KEY (BookingID) REFERENCES Booking(BookingID)
)
GO


-- Tạo bảng Feedback
CREATE TABLE Feedback
(
  FeedbackID INT NOT NULL IDENTITY(1,1),
  Date DATETIME NOT NULL,
  Feedback_Text NVARCHAR(MAX) NOT NULL,
  Rating FLOAT NOT NULL,
  AccountID NVARCHAR(20) NOT NULL,
  BookingID INT NOT NULL,
  PRIMARY KEY (FeedbackID),
  FOREIGN KEY (AccountID) REFERENCES Account(AccountID),
  FOREIGN KEY (BookingID) REFERENCES Booking(BookingID)
);
GO
-- Tạo bảng Comment
CREATE TABLE Comment
(
  CommentID INT NOT NULL IDENTITY(1,1),
  Message NVARCHAR(MAX) NOT NULL,
  Time DATETIME NOT NULL,
  AccountID NVARCHAR(20) NOT NULL,
  BlogID INT  NOT NULL,
  Image NVARCHAR(MAX)
  PRIMARY KEY (CommentID),
  FOREIGN KEY (AccountID) REFERENCES Account(AccountID),
  FOREIGN KEY (BlogID) REFERENCES Blog(BlogID)
);
GO

--Tạo bảng message cho guest người mà có thắc mắc về dịch vụ
CREATE TABLE Question (
  id INT PRIMARY KEY IDENTITY(1,1),
  name NVARCHAR(255) NOT NULL,
  email NVARCHAR(255) NOT NULL,
  subject NVARCHAR(255) NOT NULL,
  message NVARCHAR(MAX) NOT NULL
);
GO


-- Tạo trigger AutoGenerateAccountID
DROP TRIGGER IF EXISTS AutoGenerateAccountID;
GO
CREATE TRIGGER AutoGenerateAccountID
ON Account
INSTEAD OF INSERT
AS
BEGIN
  DECLARE @Prefix NVARCHAR(2) = 'AC';
  DECLARE @MaxID INT = ISNULL((SELECT MAX(CAST(RIGHT(AccountID, LEN(AccountID) - LEN(@Prefix)) AS INT)) FROM Account), 0);
  INSERT INTO Account (AccountID, Email, Password, FullName, Address, Phone, RoleID, Gender, DateOfBirth, Status, Image, Salary)
  SELECT @Prefix + RIGHT('0000' + CAST(@MaxID + ROW_NUMBER() OVER (ORDER BY (SELECT 1)) AS NVARCHAR(4)), 4),
         Email,
         Password,
         FullName,
         Address,
         Phone,
         RoleID,
         Gender,
         DateOfBirth,
         Status,
         Image,
         Salary
  FROM inserted;
END;
GO


-- Tạo trigger AutoGenerateServiceID
DROP TRIGGER IF EXISTS AutoGenerateServiceID;
GO
CREATE TRIGGER AutoGenerateServiceID
ON Service
INSTEAD OF INSERT
AS
BEGIN
  DECLARE @Prefix NVARCHAR(2) = 'SE';
  DECLARE @MaxID INT = ISNULL((SELECT MAX(CAST(RIGHT(ServiceID, LEN(ServiceID) - LEN(@Prefix)) AS INT)) FROM Service), 0);
  INSERT INTO Service (ServiceID, ServiceName, Price, ServiceDetail, CateID, Image, Status)
  SELECT @Prefix + RIGHT('00' + CAST(@MaxID + ROW_NUMBER() OVER (ORDER BY (SELECT 1)) AS NVARCHAR(2)), 2),
         ServiceName,
         Price,
         ServiceDetail,
         CateID,
         Image,
         Status
  FROM inserted;
END;
GO
----------------------------------------------------------------------------------------------------------------------------------
GO
INSERT [dbo].[RoleAccount] ([RoleID], [RoleName]) VALUES (1, N'ADMIN')
GO
INSERT [dbo].[RoleAccount] ([RoleID], [RoleName]) VALUES (2, N'STAFF sửa chữa điện')
GO
INSERT [dbo].[RoleAccount] ([RoleID], [RoleName]) VALUES (3, N'MANAGER')
GO
INSERT [dbo].[RoleAccount] ([RoleID], [RoleName]) VALUES (4, N'CUSTOMER')
GO
INSERT [dbo].[RoleAccount] ([RoleID], [RoleName]) VALUES (5, N'STAFF sửa chữa nước')
GO
INSERT [dbo].[RoleAccount] ([RoleID], [RoleName]) VALUES (6, N'STAFF vệ sinh')
GO

GO
INSERT [dbo].[Account] ([AccountID], [Email], [Password], [FullName], [Address], [Phone], [RoleID], [Gender], [DateOfBirth], [Status], [Image], [Salary]) VALUES (N'AC0001', N'hieublockchain2002@gmail.com', N'1', N'Đoàn Thanh Hiếu', N'Bình Dương', N'0987654321', 1, N'Male', CAST(N'2000-02-12' AS Date), 1, N'img/adminHieu.jpg', 6000888.0000)
GO
INSERT [dbo].[Account] ([AccountID], [Email], [Password], [FullName], [Address], [Phone], [RoleID], [Gender], [DateOfBirth], [Status], [Image], [Salary]) VALUES (N'AC0002', N'trungkiennguyen0310@gmail.com', N'Kienmundo1!', N'Nguyễn Trung Kiên', N'32/3, Gia Tân 1, Thống Nhất, Đồng Nai', N'0974102437', 1, N'Male', CAST(N'2002-10-03' AS Date), 1, N'img/Kien-Profile-2.jpg', 0.0000)
GO
INSERT [dbo].[Account] ([AccountID], [Email], [Password], [FullName], [Address], [Phone], [RoleID], [Gender], [DateOfBirth], [Status], [Image], [Salary]) VALUES (N'AC0003', N'staff1@gmail.com', N'1', N'Adela JohnSon', N'Lê Văn Việt', N'0987654321', 6, N'Female', CAST(N'2002-12-03' AS Date), 1, N'img/cleanner1.jpg', 25000000.0000)
GO
INSERT [dbo].[Account] ([AccountID], [Email], [Password], [FullName], [Address], [Phone], [RoleID], [Gender], [DateOfBirth], [Status], [Image], [Salary]) VALUES (N'AC0004', N'staff2@gmail.com', N'1', N'Johnson Micheal', N'Tân Bình', N'0897654321', 6, N'Male', CAST(N'2002-10-10' AS Date), 1, N'img/cleanner2.jpg', 25000000.0000)
GO
INSERT [dbo].[Account] ([AccountID], [Email], [Password], [FullName], [Address], [Phone], [RoleID], [Gender], [DateOfBirth], [Status], [Image], [Salary]) VALUES (N'AC0005', N'staff3@gmail.com', N'1', N'Micheal Diana', N'Quận 9, Thành phố Hồ Chí Minh', N'0987675321', 6, N'Female', CAST(N'2002-12-03' AS Date), 1, N'img/cleanner3.jpg', NULL)
GO
INSERT [dbo].[Account] ([AccountID], [Email], [Password], [FullName], [Address], [Phone], [RoleID], [Gender], [DateOfBirth], [Status], [Image], [Salary]) VALUES (N'AC0006', N'user1@gmail.com', N'1', N'Nguyễn Hà Mai', N'Hà Nội', N'0987654321', 4, N'Female', CAST(N'1995-08-15' AS Date), 1, N'img/user1.jpg', NULL)
GO
INSERT [dbo].[Account] ([AccountID], [Email], [Password], [FullName], [Address], [Phone], [RoleID], [Gender], [DateOfBirth], [Status], [Image], [Salary]) VALUES (N'AC0007', N'user2@gmail.com', N'1', N'Trương Tuấn Anh', N'Hồ Chí Minh', N'0976543210', 4, N'Male', CAST(N'1990-03-20' AS Date), 1, N'img/user2.jpg', NULL)
GO
INSERT [dbo].[Account] ([AccountID], [Email], [Password], [FullName], [Address], [Phone], [RoleID], [Gender], [DateOfBirth], [Status], [Image], [Salary]) VALUES (N'AC0008', N'user3@gmail.com', N'1', N'Trần Nguyên Trân', N'Đà Nẵng', N'0965432109', 4, N'Female', CAST(N'1992-10-05' AS Date), 1, N'img/user3.jpg', NULL)
GO
INSERT [dbo].[Account] ([AccountID], [Email], [Password], [FullName], [Address], [Phone], [RoleID], [Gender], [DateOfBirth], [Status], [Image], [Salary]) VALUES (N'AC0009', N'user4@gmail.com', N'1', N'Lê Văn Nhật', N'Hải Phòng', N'0954321098', 4, N'Male', CAST(N'1993-07-12' AS Date), 1, N'img/user4.jpg', NULL)
GO
INSERT [dbo].[Account] ([AccountID], [Email], [Password], [FullName], [Address], [Phone], [RoleID], [Gender], [DateOfBirth], [Status], [Image], [Salary]) VALUES (N'AC0010', N'user5@gmail.com', N'1', N'Phạm Ngọc Hoài', N'Cần Thơ', N'0943210987', 4, N'Female', CAST(N'1996-05-30' AS Date), 1, N'img/user5.jpg', NULL)
GO
INSERT [dbo].[Account] ([AccountID], [Email], [Password], [FullName], [Address], [Phone], [RoleID], [Gender], [DateOfBirth], [Status], [Image], [Salary]) VALUES (N'AC0011', N'user6@gmail.com', N'1', N'Hoàng Văn Tuấn Anh', N'Xuân Lộc, Đồng Nai', N'0932109876', 4, N'Male', CAST(N'1991-11-25' AS Date), 1, N'img/user6.jpg', 0.0000)
GO
INSERT [dbo].[Account] ([AccountID], [Email], [Password], [FullName], [Address], [Phone], [RoleID], [Gender], [DateOfBirth], [Status], [Image], [Salary]) VALUES (N'AC0012', N'user7@gmail.com', N'1', N'Đỗ Thị Trang', N'Bình Dương', N'0921098765', 4, N'Female', CAST(N'1994-09-10' AS Date), 0, N'img/user7.jpg', NULL)
GO
INSERT [dbo].[Account] ([AccountID], [Email], [Password], [FullName], [Address], [Phone], [RoleID], [Gender], [DateOfBirth], [Status], [Image], [Salary]) VALUES (N'AC0013', N'user8@gmail.com', N'1', N'Lý Văn Toàn', N'Thanh Hóa', N'0910987654', 4, N'Male', CAST(N'1997-04-08' AS Date), 1, N'img/user8.jpg', NULL)
GO
INSERT [dbo].[Account] ([AccountID], [Email], [Password], [FullName], [Address], [Phone], [RoleID], [Gender], [DateOfBirth], [Status], [Image], [Salary]) VALUES (N'AC0014', N'user9@gmail.com', N'1', N'Ngô Thị Duyên', N'Quảng Ninh', N'0909876543', 4, N'Female', CAST(N'1989-12-18' AS Date), 1, N'img/user9.jpg', NULL)
GO
INSERT [dbo].[Account] ([AccountID], [Email], [Password], [FullName], [Address], [Phone], [RoleID], [Gender], [DateOfBirth], [Status], [Image], [Salary]) VALUES (N'AC0015', N'user10@gmail.com', N'1', N'Huỳnh Văn An', N'Long An', N'0898765432', 4, N'Male', CAST(N'1998-02-05' AS Date), 1, N'img/user10.jpg', NULL)
GO
INSERT [dbo].[Account] ([AccountID], [Email], [Password], [FullName], [Address], [Phone], [RoleID], [Gender], [DateOfBirth], [Status], [Image], [Salary]) VALUES (N'AC0016', N'Test01@gmail.com', N'Kienmundo1!', N'Nguyễn Trung Hiếu', N'An Tây, Bên Cát, T.Bình Dương', N'0972131292', 5, N'Male', CAST(N'2002-12-12' AS Date), 1, N'img/user.jpg', 12000000.0000)
GO
INSERT [dbo].[Account] ([AccountID], [Email], [Password], [FullName], [Address], [Phone], [RoleID], [Gender], [DateOfBirth], [Status], [Image], [Salary]) VALUES (N'AC0017', N'MinhTQ01@gmail.com', N'Kienmundo1!', N'Trần Quang Minh', N'An Tây, Bên Cát, T.Bình Dương', N'0972131295', 2, N'Male', CAST(N'2002-10-01' AS Date), 1, N'img/user.jpg', 20000000.0000)
GO
INSERT [dbo].[Account] ([AccountID], [Email], [Password], [FullName], [Address], [Phone], [RoleID], [Gender], [DateOfBirth], [Status], [Image], [Salary]) VALUES (N'AC0018', N'ThangPM012@gmail.com', N'Kienmundo1!', N'Phạm Minh Thắng', N'Gò Dầu, Tây Ninh', N'0886751117', 2, N'Male', CAST(N'2002-03-03' AS Date), 1, N'img/user.jpg', 12900000.0000)
GO
INSERT [dbo].[Account] ([AccountID], [Email], [Password], [FullName], [Address], [Phone], [RoleID], [Gender], [DateOfBirth], [Status], [Image], [Salary]) VALUES (N'AC0019', N'TuongNV031@gmail.com', N'Kienmundo1!', N'Nguyễn Vũ Tường', N'TP. Hồ Chí Minh', N'0886751119', 2, N'Male', CAST(N'2002-10-03' AS Date), 1, N'img/user.jpg', 25000000.0000)
GO
INSERT [dbo].[Account] ([AccountID], [Email], [Password], [FullName], [Address], [Phone], [RoleID], [Gender], [DateOfBirth], [Status], [Image], [Salary]) VALUES (N'AC0020', N'TuanHV012@gmail.com', N'Kienmundo1!', N'Hoàng Văn Tuấn', N'TP. Hồ Chí Minh', N'0972131298', 6, N'Male', CAST(N'2002-10-03' AS Date), 1, N'img/adminKien.jpg', 20000000.0000)
GO

GO
INSERT [dbo].[CateService] ([CateID], [CateName]) VALUES (1, N'Dịch vụ vệ sinh')
GO
INSERT [dbo].[CateService] ([CateID], [CateName]) VALUES (2, N'Dịch vụ sửa chữa điện')
GO
INSERT [dbo].[CateService] ([CateID], [CateName]) VALUES (3, N'Dịch vụ sửa chữa nước')
GO

GO
INSERT [dbo].[Service] ([ServiceID], [ServiceName], [Price], [ServiceDetail], [CateID], [Image], [Status]) VALUES (N'SE01', N'Tổng vệ sinh', 500000.0000, N'Dịch vụ tổng vệ sinh cho căn hộ chung cư mang đến sự sạch sẽ và thoáng mát cho không gian sống của bạn. Đội ngũ người giúp việc sẽ dọn dẹp và vệ sinh sàn nhà, lau kính, vệ sinh cửa, cửa sổ và màn cửa, vệ sinh lỗ thông hơi, gầm tủ và các góc khuất khác trong căn hộ. Ngoài ra, nội thất như ghế sofa, bàn, giường và tủ cũng sẽ được làm sạch kỹ lưỡng. Dịch vụ này đảm bảo không gian sống của bạn trở nên sạch sẽ và thoải mái để bạn có thể tận hưởng cuộc sống hàng ngày một cách thoải mái.', 1, N'img/serviceTongVeSinh.jpg', 1)
GO
INSERT [dbo].[Service] ([ServiceID], [ServiceName], [Price], [ServiceDetail], [CateID], [Image], [Status]) VALUES (N'SE02', N'Vệ sinh phòng', 100000.0000, N'Dịch vụ vệ sinh phòng cho chung cư đảm bảo sự sạch sẽ và thoáng mát cho không gian sống của bạn. Đội ngũ người giúp việc sẽ làm sạch và vệ sinh phòng ngủ, phòng khách, phòng ăn, phòng tắm và nhà vệ sinh. Công việc bao gồm lau chùi các bề mặt, thay ga, áo gối và trải giường, vệ sinh bồn cầu, lavabo, vòi sen, và làm sạch kính cửa sổ và ban công. Dịch vụ này giúp bạn có một môi trường sống sạch sẽ và thoải mái để thưởng thức cuộc sống hàng ngày.', 1, N'img/serviceVeSinhPhong.jpg', 1)
GO
INSERT [dbo].[Service] ([ServiceID], [ServiceName], [Price], [ServiceDetail], [CateID], [Image], [Status]) VALUES (N'SE03', N'Vệ sinh sofa, rèm, nệm, kính', 300000.0000, N'Dịch vụ vệ sinh sofa, rèm cửa, nệm và kính đảm bảo sự sạch sẽ và tươi mới cho các bề mặt và vật liệu trong không gian sống của bạn. Đội ngũ người giúp việc sẽ làm sạch sofa, làm sạch và làm mới rèm cửa, làm sạch nệm và làm sáng kính. Qua đó, bạn sẽ có các bề mặt sạch sẽ, không bám bụi, vết bẩn và mùi không mong muốn, tạo nên môi trường sống trong lành và thoải mái.', 1, N'img/serviceVeSinhSofa.jpg', 1)
GO
INSERT [dbo].[Service] ([ServiceID], [ServiceName], [Price], [ServiceDetail], [CateID], [Image], [Status]) VALUES (N'SE04', N'Vệ sinh máy lạnh', 200000.0000, N'Dịch vụ vệ sinh máy lạnh trong chung cư đảm bảo rằng máy lạnh của bạn được làm sạch và bảo trì tốt. Đội ngũ người giúp việc sẽ làm sạch bên ngoài máy lạnh, loại bỏ bụi và vết bẩn. Họ cũng sẽ làm sạch và vệ sinh các bộ lọc và ống dẫn của máy lạnh để đảm bảo luồng không khí sạch và hiệu suất làm lạnh tốt nhất. Việc vệ sinh máy lạnh định kỳ giúp duy trì chất lượng không khí trong căn hộ và đảm bảo hoạt động hiệu quả của máy lạnh.', 1, N'img/serviceVeSinhMayLanh.jpg', 1)
GO
INSERT [dbo].[Service] ([ServiceID], [ServiceName], [Price], [ServiceDetail], [CateID], [Image], [Status]) VALUES (N'SE05', N'Sửa chữa đồ điện', 200000.0000, N'Dịch vụ sửa chữa đồ điện đảm bảo rằng các thiết bị điện trong căn hộ của bạn hoạt động ổn định và an toàn. Đội ngũ kỹ thuật viên sẽ kiểm tra và khắc phục các sự cố như mất điện, đứt dây, hỏng bộ nguồn và các vấn đề khác liên quan đến hệ thống điện. Họ sẽ thực hiện các biện pháp sửa chữa cần thiết để đảm bảo các thiết bị điện hoạt động trơn tru và đáng tin cậy. Dịch vụ này giúp bạn an tâm và tiết kiệm thời gian và công sức trong việc bảo trì và sửa chữa các thiết bị điện trong căn hộ của mình.', 2, N'img/serviceSuaChuaDoDien.jpg', 1)
GO
INSERT [dbo].[Service] ([ServiceID], [ServiceName], [Price], [ServiceDetail], [CateID], [Image], [Status]) VALUES (N'SE06', N'Sửa chữa hệ thống nước', 250000.0000, N'Dịch vụ sửa chữa nước đảm bảo sự hoạt động ổn định của hệ thống nước trong căn hộ của bạn. Đội ngũ thợ sẽ khắc phục sự cố như rò rỉ đường ống nước, hỏng bồn nước, vòi nước hỏng, và các vấn đề khác. Họ sẽ thực hiện các biện pháp sửa chữa và thay thế linh kiện cần thiết để đảm bảo hệ thống nước hoạt động hiệu quả. Dịch vụ này giúp bạn có một nguồn nước sạch sẽ và ổn định trong căn hộ của mình.', 3, N'img/serviceSuaChuaHeThongNuoc.jpg', 1)
GO
INSERT [dbo].[Service] ([ServiceID], [ServiceName], [Price], [ServiceDetail], [CateID], [Image], [Status]) VALUES (N'SE07', N'Sửa chữa thiết bị gia dụng', 100000.0000, N'Dịch vụ sửa chữa thiết bị gia dụng đảm bảo rằng các thiết bị trong gia đình của bạn hoạt động tốt và lâu bền. Đội ngũ kỹ thuật viên chuyên nghiệp sẽ tiến hành sửa chữa các thiết bị như máy giặt, tủ lạnh, lò vi sóng, máy lọc không khí và các thiết bị khác. Họ sẽ kiểm tra, chẩn đoán và khắc phục các sự cố như không hoạt động, hỏng linh kiện, mất hiệu suất và các vấn đề khác. Dịch vụ này giúp bạn tiết kiệm thời gian, tiền bạc và nỗ lực trong việc sửa chữa các thiết bị gia dụng, đồng thời đảm bảo rằng chúng hoạt động tốt và đáng tin cậy.', 2, N'img/serviceSuaChuaGiaDung.jpg', 1)
GO
INSERT [dbo].[Service] ([ServiceID], [ServiceName], [Price], [ServiceDetail], [CateID], [Image], [Status]) VALUES (N'SE08', N'Tẩy bóng sàn nhà cũ, đánh bóng sàn nhà', 550000.0000, N'Sàn nhà, sàn trung tâm thương mại, tòa nhà, công ty, … là nơi bị tác động nhiều do nhiều người qua lại. Chính vì vậy mà việc vệ sinh, đánh bóng sàn cũng là một trong những việc vô cùng quan trọng nhằm mang lại môi trường sạch, đẹp và kéo dài tuổi thọ của sàn', 1, N'img/serviceTayBongSanNha.jpg', 1)
GO
INSERT [dbo].[Service] ([ServiceID], [ServiceName], [Price], [ServiceDetail], [CateID], [Image], [Status]) VALUES (N'SE09', N'Dịch vụ lau kính', 150000.0000, N'Dịch vụ lau kính của chúng tôi được thực hiện bởi đội ngũ nhân viên kỹ thuật tận tâm và giàu kinh nghiệm. Chúng tôi sử dụng các phương pháp và công nghệ tiên tiến để đảm bảo kết quả tối ưu và sự hài lòng của khách hàng.

Đội ngũ chuyên gia của chúng tôi sẽ làm sạch kính của bạn một cách kỹ lưỡng và tỉ mỉ, loại bỏ các vết bẩn, dấu vân tay, bụi bẩn và các tạp chất khác mà không để lại vết trầy xước hay vết nhòe trên bề mặt kính. Chúng tôi đảm bảo kính của bạn sẽ trở nên sáng bóng, trong suốt và đẹp mắt như mới.', 1, N'img/glass-cleaning1630751581.png', 1)
GO

INSERT [dbo].[BlogCate] ([BlogCateID], [CateName]) VALUES (1, N'Mẹo dọn dẹp')
INSERT [dbo].[BlogCate] ([BlogCateID], [CateName]) VALUES (2, N'Mẹo sửa chữa')
GO
INSERT [dbo].[Blog] ([CommentID], [Title], [SubTitle], [Content], [AccountID], [BlogCateID], [Time], [Image]) VALUES ( NULL, N'LỢI ÍCH CỦA LỰA CHỌN DỊCH VỤ VỆ SINH NHÀ CỬA THEO GIỜ', N'Blog Làm Sạch Nhà Ở', N'<p style="margin-right: 0px; margin-bottom: 15px; margin-left: 0px; color: rgb(0, 0, 0); font-family: Roboto, Arial, sans-serif; font-size: 15px;"><span style="font-family: tahoma, arial, helvetica, sans-serif; font-size: 12pt;"><strong>Đầu tiên chúng ta cần hiểu rõ Thế nào là Dịch vụ vệ sinh nhà cửa theo giờ ?</strong></span></p><p style="margin-right: 0px; margin-bottom: 15px; margin-left: 0px;"><font color="#000000" face="tahoma, arial, helvetica, sans-serif">Dịch vụ vệ sinh theo giờ</font><span style="color: rgb(0, 0, 0); font-family: tahoma, arial, helvetica, sans-serif; font-size: 12pt;">&nbsp;là hình thức giúp việc mà người giúp việc sẽ đến nhà bạn làm việc theo khung giờ mà bạn mong muốn. Giúp việc theo giờ thường làm trong khoảng từ 2h đến 8h tùy theo khối lượng công việc và nhu cầu của gia đình bạn, sau đó sẽ rời đi. Giúp việc theo giờ thường làm các công việc như: dọn dẹp, nấu cơm, chăm em bé, đón em bé đi học về,…</span></p><p style="margin-right: 0px; margin-bottom: 15px; margin-left: 0px; color: rgb(0, 0, 0); font-family: Roboto, Arial, sans-serif; font-size: 15px;"><span style="font-family: tahoma, arial, helvetica, sans-serif; font-size: 12pt;"><strong>Khi sử sụng Dịch vụ vệ sinh nhà cửa theo giờ sẽ có các lợi ích sau:</strong></span></p><p style="margin-right: 0px; margin-bottom: 15px; margin-left: 0px; color: rgb(0, 0, 0); font-family: Roboto, Arial, sans-serif; font-size: 15px;"><span style="font-family: tahoma, arial, helvetica, sans-serif; font-size: 12pt;"><strong>1.Tạo tâm lý thoải mái cho những người trong gia đình</strong></span></p><p style="margin-right: 0px; margin-bottom: 15px; margin-left: 0px; color: rgb(0, 0, 0); font-family: Roboto, Arial, sans-serif; font-size: 15px;"><span style="font-family: tahoma, arial, helvetica, sans-serif; font-size: 12pt;">Có rất nhiều người ái ngại khi có sự xuất hiện của người lạ trong gia đình mình thì việc lựa chọn hình thức Dịch vụ vệ sinh nhà cửa theo giờ sẽ là giải pháp giải quyết vấn đề này.</span></p><p style="margin-right: 0px; margin-bottom: 15px; margin-left: 0px; color: rgb(0, 0, 0); font-family: Roboto, Arial, sans-serif; font-size: 15px;"><span style="font-family: tahoma, arial, helvetica, sans-serif; font-size: 12pt;">Ngoài ra việc thuê Dịch vụ vệ sinh nhà cửa theo giờ sẽ giúp bạn và cả gia đình tránh được nhiều phiền toái không đánh có. Người giúp việc theo giờ chỉ xuất hiện vào thời gian ngắn, được định trước nên sẽ không gây xáo trộn cuộc sống của chủ nhà. Hơn nữa, bạn hoàn toàn có thể xếp lịch làm việc cho người giúp việc trong thời gian cả nhà đi làm để tránh việc gặp mặt giữa gia đình và người giúp việc.</span></p><p style="margin-right: 0px; margin-bottom: 15px; margin-left: 0px; color: rgb(0, 0, 0); font-family: Roboto, Arial, sans-serif; font-size: 15px;"><span style="font-family: tahoma, arial, helvetica, sans-serif; font-size: 12pt;"><strong>2.</strong><strong>Có một ngôi nhà sạch sẽ</strong></span></p><p style="margin-right: 0px; margin-bottom: 15px; margin-left: 0px; color: rgb(0, 0, 0); font-family: Roboto, Arial, sans-serif; font-size: 15px;"><span style="font-family: tahoma, arial, helvetica, sans-serif; font-size: 12pt;">Điều đầu tiên bạn sẽ nhận được đó là một ngôi nhà luôn luôn sạch sẽ mà bạn và gia đình bạn xứng đáng có được và hưởng thụ trong đó. Tất cả chúng ta đều sống một cuộc sống rất bận rộn, có rất nhiều việc phải làm. Việc thuê một bên dịch vụ vệ sinh nhà cửa sẽ giúp bạn ít phải lo lắng hơn và có nhiều thời gian hơn dành cho những người thân của bạn. Vào cuối ngày, bạn có thể trở về nhà và thư giãn hoặc bắt đầu lập kế hoạch cho ngày hôm sau mà không cần lo lắng gì cho việc vệ sinh nhà.</span></p><h3 style="color: rgb(0, 0, 0); font-family: Roboto, Arial, sans-serif;"><span id="3Khong_can_lo_lang_ve_dung_cu_ve_sinh"><span style="font-family: tahoma, arial, helvetica, sans-serif; font-size: 12pt;"><strong>3.Không cần lo lắng về dụng cụ vệ sinh</strong></span></span></h3><p style="margin-right: 0px; margin-bottom: 15px; margin-left: 0px; color: rgb(0, 0, 0); font-family: Roboto, Arial, sans-serif; font-size: 15px;"><span style="font-family: tahoma, arial, helvetica, sans-serif; font-size: 12pt;">Nếu bạn có kế hoạch thuê một dịch vụ dọn dẹp nhà cửa định kỳ cho nhà bạn thì bạn sẽ không phải lo lắng về chuẩn bị sẵn các dụng cụ vệ sinh cần thiết cho ngôi nhà như máy hút bụi, hút mùi, hút nước,&nbsp;giặt ghế sofa, bàn là, dung dịch vệ chuyên dụng. Bởi bên cung cấp dịch vụ vệ sinh nhà cửa họ sẽ cung cấp đầy đủ các thiết bị và chất tẩy rửa vệ sinh cho bạn.</span></p><h3 style="color: rgb(0, 0, 0); font-family: Roboto, Arial, sans-serif;"><span id="4Loai_bo_vi_khuan_va_vi_trung"><span style="font-family: tahoma, arial, helvetica, sans-serif; font-size: 12pt;"><strong>4.Loại bỏ vi khuẩn và vi trùng</strong></span></span></h3><p style="margin-right: 0px; margin-bottom: 15px; margin-left: 0px; color: rgb(0, 0, 0); font-family: Roboto, Arial, sans-serif; font-size: 15px;"><span style="font-family: tahoma, arial, helvetica, sans-serif; font-size: 12pt;">Khi các thành viên trong gia đình hay khách của bạn đến và đi, họ sẽ mang đến và lây lan rất nhiều vi trùng và vi khuẩn. Khi thuê dịch vụ vệ sinh nhà cửa chuyên nghiệp, bạn sẽ luôn có một ngôi nhà sạch sẽ, giảm thiểu bất kỳ vi trùng nào có thể gây bệnh cho bạn hoặc các thành viên trong gia đình bạn. Có một ngôi nhà sạch sẽ không chỉ giúp bạn khỏe mạnh hơn mà còn cảm thấy tốt hơn về mọi mặt.</span></p><p style="margin-right: 0px; margin-bottom: 15px; margin-left: 0px; color: rgb(0, 0, 0); font-family: Roboto, Arial, sans-serif; font-size: 15px;"><span style="font-family: tahoma, arial, helvetica, sans-serif; font-size: 12pt;"><strong>5.An toàn về tài sản cũng như bí mật cá nhân</strong></span></p><p style="margin-right: 0px; margin-bottom: 15px; margin-left: 0px; color: rgb(0, 0, 0); font-family: Roboto, Arial, sans-serif; font-size: 15px;"><span style="font-family: tahoma, arial, helvetica, sans-serif; font-size: 12pt;">Đã có nhiều trường hợp người giúp việc ăn cắp tài sản hoặc tiết lộ thông tin bí mật riêng tư của chủ nhà, khiến bạn lo lắng khi thuê giúp việc nhưng lại không có đủ thời gian và không muốn tốn công sức để tự mình vệ sinh nhà cửa. Chính vì vậy, nếu thuê người giúp việc toàn thời gian, bạn phải tìm hiểu kỹ về lý lịch, nhân thân thậm chí lắp camera theo dõi hoạt động của họ thì việc thuê người giúp việc theo giờ sẽ giúp bạn yên tâm hơn rất nhiều. Bạn hoàn toàn có thể thuê họ đến làm việc trong thời gian mình có mặt ở nhà để đảm bảo an toàn. Hơn nữa, người giúp việc theo giờ cũng không cầm chìa khóa nhà và quản lý đồ đạc, vật dụng trong nhà nên bạn không cần lo lắng về việc thất thoát tài sản.</span></p><p style="margin-right: 0px; margin-bottom: 15px; margin-left: 0px; color: rgb(0, 0, 0); font-family: Roboto, Arial, sans-serif; font-size: 15px;"><span style="font-family: tahoma, arial, helvetica, sans-serif; font-size: 12pt;">Nếu có gì không hài lòng về nhân viên vệ sinh, bạn có thể thoải mái thay đổi người giúp việc mà không bị phụ thuộc vào 1 người cố định nào.</span></p><p style="margin-right: 0px; margin-bottom: 15px; margin-left: 0px; color: rgb(0, 0, 0); font-family: Roboto, Arial, sans-serif; font-size: 15px;"><span style="font-family: tahoma, arial, helvetica, sans-serif; font-size: 12pt;"><strong>6.Quản lý được thời gian làm việc của người giúp việc</strong></span></p><p style="margin-right: 0px; margin-bottom: 15px; margin-left: 0px; color: rgb(0, 0, 0); font-family: Roboto, Arial, sans-serif; font-size: 15px;"><span style="font-family: tahoma, arial, helvetica, sans-serif; font-size: 12pt;">Thông thường nếu như bạn thuê người giúp việc theo tháng cố định thì khi bạn không có ở nhà sẽ rất khó kiểm soát được các hoạt động của họ trong ngôi nhà của bạn, nhưng với người giúp việc theo giờ bạn hoàn toàn có thể chủ động được những đầu việc và đánh giá chất lượng dịch vụ một cách rõ ràng. Khi thuê người giúp việc theo giờ, bạn hoàn toàn có thể sắp xếp thời gian của mình một cách chủ động. Ngoài ra, bạn có thể thuê người giúp việc theo giờ vào buổi tối hoặc ngày cuối tuần mà vẫn có thể quản lý, theo dõi hoạt động của họ. Trong thời gian người giúp việc làm việc nhà, bạn vẫn có thể tranh thủ giải quyết công việc hoặc giáo dục con cái mà không ảnh hưởng đến tiến độ làm việc.</span></p><p style="margin-right: 0px; margin-bottom: 15px; margin-left: 0px; color: rgb(0, 0, 0); font-family: Roboto, Arial, sans-serif; font-size: 15px;"><span style="font-family: tahoma, arial, helvetica, sans-serif; font-size: 12pt;">Ngoài ra, bạn có thể để người giúp việc hỗ trợ mình các công việc như đón con, dọn dẹp nhà cửa, giặt giũ để bạn có nhiều thời gian chăm sóc bản thân hay làm những việc quan trọng hơn.</span></p><p style="margin-right: 0px; margin-bottom: 15px; margin-left: 0px; color: rgb(0, 0, 0); font-family: Roboto, Arial, sans-serif; font-size: 15px;"><span style="font-family: tahoma, arial, helvetica, sans-serif; font-size: 12pt;"><br></span></p>', N'AC0001', 1, CAST(N'2023-06-25T10:30:57.497' AS DateTime), N'img/Blog001.jpg')
INSERT [dbo].[Blog] ([CommentID], [Title], [SubTitle], [Content], [AccountID], [BlogCateID], [Time], [Image]) VALUES ( NULL, N'Ngăn mát tủ lạnh không mát – Nguyên nhân và cách khắc phục', N'Ngăn mát tủ lạnh không mát', N'<p><span style="color: rgb(51, 51, 51); font-family: &quot;-apple-system, BlinkMacSystemFont, &amp;quot;Segoe UI&amp;quot;, Roboto, Oxygen-Sans, Ubuntu, Cantarell, &amp;quot;Helvetica Neue&amp;quot;, sans-serif&quot;, sans-serif; font-size: medium; text-align: justify;">Hiện tượng&nbsp;</span><span style="font-weight: bolder; color: rgb(51, 51, 51); font-family: &quot;-apple-system, BlinkMacSystemFont, &amp;quot;Segoe UI&amp;quot;, Roboto, Oxygen-Sans, Ubuntu, Cantarell, &amp;quot;Helvetica Neue&amp;quot;, sans-serif&quot;, sans-serif; font-size: medium; text-align: justify;">ngăn mát tủ lạnh không mát</span><span style="color: rgb(51, 51, 51); font-family: &quot;-apple-system, BlinkMacSystemFont, &amp;quot;Segoe UI&amp;quot;, Roboto, Oxygen-Sans, Ubuntu, Cantarell, &amp;quot;Helvetica Neue&amp;quot;, sans-serif&quot;, sans-serif; font-size: medium; text-align: justify;">&nbsp;rất dễ nhận biết. Khi bạn cắm nguồn điện, thiết bị hoạt động bình thường nhưng không có hơi lạnh dưới ngăn mát. Vậy nguyên nhân nào dẫn đến tình trạng này? Cách khắc phục ra sao? Cùng V-HomeClean tìm kiếm câu trả lời dưới đây nhé!</span></p><h2 style="color: rgb(51, 51, 51); width: 963.662px; margin-bottom: 0.5em; text-rendering: optimizespeed; font-size: 1.6em; line-height: 1.3; font-family: &quot;-apple-system, BlinkMacSystemFont, &amp;quot;Segoe UI&amp;quot;, Roboto, Oxygen-Sans, Ubuntu, Cantarell, &amp;quot;Helvetica Neue&amp;quot;, sans-serif&quot;, sans-serif; text-align: justify;">Nguồn điện kết nối với tủ lạnh bị chập chờn<span class="ez-toc-section-end" style="-webkit-box-decoration-break: clone;"></span></h2><p style="margin-bottom: 1.3em; color: rgb(51, 51, 51); font-family: &quot;-apple-system, BlinkMacSystemFont, &amp;quot;Segoe UI&amp;quot;, Roboto, Oxygen-Sans, Ubuntu, Cantarell, &amp;quot;Helvetica Neue&amp;quot;, sans-serif&quot;, sans-serif; font-size: medium; text-align: justify;">Để tủ lạnh hoạt động tốt, nguồn điện cung cấp cần đảm bảo ổn định. Nếu hệ thống điện bị chập chờn thì rất dễ gây ra tình trạng&nbsp;<span style="font-weight: bolder;">ngăn mát tủ lạnh không mát</span>. Giải pháp khắc phục sự cố này là kiểm tra mức chịu tải của nguồn điện. Trong trường hợp cần thiết, bạn có thể lắp thêm ổn áp bảo vệ tủ lạnh.</p><h2 style="color: rgb(51, 51, 51); width: 963.662px; margin-bottom: 0.5em; text-rendering: optimizespeed; font-size: 1.6em; line-height: 1.3; font-family: &quot;-apple-system, BlinkMacSystemFont, &amp;quot;Segoe UI&amp;quot;, Roboto, Oxygen-Sans, Ubuntu, Cantarell, &amp;quot;Helvetica Neue&amp;quot;, sans-serif&quot;, sans-serif; text-align: justify;">Lỏng phích cắm tủ lạnh<span class="ez-toc-section-end" style="-webkit-box-decoration-break: clone;"></span></h2><p style="margin-bottom: 1.3em; color: rgb(51, 51, 51); font-family: &quot;-apple-system, BlinkMacSystemFont, &amp;quot;Segoe UI&amp;quot;, Roboto, Oxygen-Sans, Ubuntu, Cantarell, &amp;quot;Helvetica Neue&amp;quot;, sans-serif&quot;, sans-serif; font-size: medium; text-align: justify;">Để sử dụng tủ lạnh, bạn cần cắm dây nguồn của thiết bị vào ổ điện. Khi đó, nguồn điện lưới sẽ lưu thông và vận hành hoạt động của thiết bị. Nếu phích cắm tủ lạnh bị lỏng thì thiết bị sẽ ngừng hoạt động. Từ đó ngăn dưới tủ lạnh không có đủ hơi mát để bảo quản thực phẩm. Để xử lý sự cố này, bạn nên kiểm tra ổ cắm và thay linh kiện mới nếu cần thiết.</p><h2 style="color: rgb(51, 51, 51); width: 963.662px; margin-bottom: 0.5em; text-rendering: optimizespeed; font-size: 1.6em; line-height: 1.3; font-family: &quot;-apple-system, BlinkMacSystemFont, &amp;quot;Segoe UI&amp;quot;, Roboto, Oxygen-Sans, Ubuntu, Cantarell, &amp;quot;Helvetica Neue&amp;quot;, sans-serif&quot;, sans-serif; text-align: justify;">Dây kết nối với nguồn điện bị đứt<span class="ez-toc-section-end" style="-webkit-box-decoration-break: clone;"></span></h2><p style="margin-bottom: 1.3em; color: rgb(51, 51, 51); font-family: &quot;-apple-system, BlinkMacSystemFont, &amp;quot;Segoe UI&amp;quot;, Roboto, Oxygen-Sans, Ubuntu, Cantarell, &amp;quot;Helvetica Neue&amp;quot;, sans-serif&quot;, sans-serif; font-size: medium; text-align: justify;">Tủ lạnh thường được bố trí trong phòng bếp của gia đình. Nếu bạn không vệ sinh phòng bếp sạch sẽ thì sẽ tạo điều kiện cho các loại vi khuẩn, côn trùng, chuột ẩn náu. Các loài sinh vật này có thể tấn công các thiết bị, trong đó có tủ lạnh. Khi đó, dây nguồn tủ lạnh sẽ bị đứt nên không thể kết nối ổn định với nguồn điện. Chính nguyên nhân này đã dẫn đến tình trạng&nbsp;<span style="font-weight: bolder;">ngăn mát tủ lạnh không mát</span>. Lúc này, bạn chỉ cần rút phích cắm điện và nối lại dây ở vị trí bị đứt.</p><h2 style="color: rgb(51, 51, 51); width: 963.662px; margin-bottom: 0.5em; text-rendering: optimizespeed; font-size: 1.6em; line-height: 1.3; font-family: &quot;-apple-system, BlinkMacSystemFont, &amp;quot;Segoe UI&amp;quot;, Roboto, Oxygen-Sans, Ubuntu, Cantarell, &amp;quot;Helvetica Neue&amp;quot;, sans-serif&quot;, sans-serif; text-align: justify;"><span class="ez-toc-section" id="Luong_thuc_pham_trong_tu_bi_qua_tai" style="-webkit-box-decoration-break: clone;"></span>Lượng thực phẩm trong tủ bị quá tải<span class="ez-toc-section-end" style="-webkit-box-decoration-break: clone;"></span></h2><p style="margin-bottom: 1.3em; color: rgb(51, 51, 51); font-family: &quot;-apple-system, BlinkMacSystemFont, &amp;quot;Segoe UI&amp;quot;, Roboto, Oxygen-Sans, Ubuntu, Cantarell, &amp;quot;Helvetica Neue&amp;quot;, sans-serif&quot;, sans-serif; font-size: medium; text-align: justify;">Khi chọn mua tủ lạnh, bạn cần quan tâm đến mức dung tích. Thiết bị có mức dung tích càng lớn thì khả năng chứa thực phẩm càng nhiều. Nếu bạn tích trữ quá tải thực phẩm sẽ gây cản trở quá trình lưu thông hơi lạnh. Khi đó, khả năng làm mát của thiết bị rất yếu. Để đảm bảo độ tươi ngon của thực phẩm, bạn nên mua thiết bị có mức dung tích phù hợp với nhu cầu sử dụng của gia đình.</p><h2 style="color: rgb(51, 51, 51); width: 963.662px; margin-bottom: 0.5em; text-rendering: optimizespeed; font-size: 1.6em; line-height: 1.3; font-family: &quot;-apple-system, BlinkMacSystemFont, &amp;quot;Segoe UI&amp;quot;, Roboto, Oxygen-Sans, Ubuntu, Cantarell, &amp;quot;Helvetica Neue&amp;quot;, sans-serif&quot;, sans-serif; text-align: justify;">Ngăn mát tủ lạnh không lạnh do nghẹt lỗ thông gió<span class="ez-toc-section-end" style="-webkit-box-decoration-break: clone;"></span></h2><p style="margin-bottom: 1.3em; color: rgb(51, 51, 51); font-family: &quot;-apple-system, BlinkMacSystemFont, &amp;quot;Segoe UI&amp;quot;, Roboto, Oxygen-Sans, Ubuntu, Cantarell, &amp;quot;Helvetica Neue&amp;quot;, sans-serif&quot;, sans-serif; font-size: medium; text-align: justify;">Nếu bạn thấy&nbsp;<span style="font-weight: bolder;">ngăn mát tủ lạnh không mát</span>&nbsp;thì nên kiểm tra lỗ thông gió. Nhiều người có thói quen đựng quá nhiều thực phẩm trong tủ gây bít kín lỗ thông gió. Từ đó hơi lạnh bên trong tủ lạnh không thể lưu thông ổn định. Để tránh tình trạng này, bạn nên sắp xếp vị trí các loại thực phẩm hợp lý.</p><p style="margin-bottom: 1.3em; color: rgb(51, 51, 51); font-family: &quot;-apple-system, BlinkMacSystemFont, &amp;quot;Segoe UI&amp;quot;, Roboto, Oxygen-Sans, Ubuntu, Cantarell, &amp;quot;Helvetica Neue&amp;quot;, sans-serif&quot;, sans-serif; font-size: medium; text-align: justify;">Bên cạnh đó, nhiều trường hợp lỗ thông gió bị nghẹt do lớp tuyết phủ dày đặc. Cách khắc phục đơn giản nhất là rút dây nguồn của tủ lạnh. Trong khoảng 4-5 giờ xả hơi lạnh, lớp băng bao phủ lỗ thông gió sẽ tan. Lúc này, bạn vệ sinh tủ sạch sẽ rồi cắm điện cho hoạt động trở lại.</p><h2 style="color: rgb(51, 51, 51); width: 963.662px; margin-bottom: 0.5em; text-rendering: optimizespeed; font-size: 1.6em; line-height: 1.3; font-family: &quot;-apple-system, BlinkMacSystemFont, &amp;quot;Segoe UI&amp;quot;, Roboto, Oxygen-Sans, Ubuntu, Cantarell, &amp;quot;Helvetica Neue&amp;quot;, sans-serif&quot;, sans-serif; text-align: justify;"><span class="ez-toc-section" id="Tac_nghen_ong_dan_hoi_lanh" style="-webkit-box-decoration-break: clone;"></span>Tắc nghẽn ống dẫn hơi lạnh<span class="ez-toc-section-end" style="-webkit-box-decoration-break: clone;"></span></h2><p style="margin-bottom: 1.3em; color: rgb(51, 51, 51); font-family: &quot;-apple-system, BlinkMacSystemFont, &amp;quot;Segoe UI&amp;quot;, Roboto, Oxygen-Sans, Ubuntu, Cantarell, &amp;quot;Helvetica Neue&amp;quot;, sans-serif&quot;, sans-serif; font-size: medium; text-align: justify;">Giữa ngăn đông và ngăn mát tủ lạnh được liên kết bằng ống dẫn hơi lạnh. Bộ phận này nằm ở vị trí sau dàn lạnh, có tác dụng lưu thông hơi lạnh từ ngăn đông xuống ngăn mát. Nếu ống dẫn bị tắc thì ngăn mát của tủ lạnh sẽ không đủ mức nhiệt theo quy định. Muốn sửa chữa sự cố&nbsp;<span style="font-weight: bolder;">ngăn mát tủ lạnh không mát</span>&nbsp;, bạn nên liên hệ tới các đơn vị sửa chữa chuyên nghiệp.</p><h2 style="color: rgb(51, 51, 51); width: 963.662px; margin-bottom: 0.5em; text-rendering: optimizespeed; font-size: 1.6em; line-height: 1.3; font-family: &quot;-apple-system, BlinkMacSystemFont, &amp;quot;Segoe UI&amp;quot;, Roboto, Oxygen-Sans, Ubuntu, Cantarell, &amp;quot;Helvetica Neue&amp;quot;, sans-serif&quot;, sans-serif; text-align: justify;">Điều chỉnh mức nhiệt quá cao<span class="ez-toc-section-end" style="-webkit-box-decoration-break: clone;"></span></h2><p style="margin-bottom: 1.3em; color: rgb(51, 51, 51); font-family: &quot;-apple-system, BlinkMacSystemFont, &amp;quot;Segoe UI&amp;quot;, Roboto, Oxygen-Sans, Ubuntu, Cantarell, &amp;quot;Helvetica Neue&amp;quot;, sans-serif&quot;, sans-serif; font-size: medium; text-align: justify;">Theo các chuyên gia về lĩnh vực điện lạnh, mức nhiệt lý tưởng nhất dành cho ngăn mát từ 0-4 độ C. Nếu bạn điều chỉnh mức nhiệt quá cao thì hơi lạnh sẽ yếu. Nhiều người cho rằng tăng mức nhiệt của tủ lạnh giúp tiết kiệm điện. Tuy nhiên suy nghĩ này hoàn toàn sai lầm và ảnh hưởng đến chất lượng của thực phẩm. Khi đó, bạn cần điều chỉnh và duy trì nhiệt độ của ngăn mát tủ lạnh.</p><p><br></p>', N'AC0001', 2, CAST(N'2023-06-25T10:34:59.273' AS DateTime), N'img/Blog002.jpg')
INSERT [dbo].[Blog] ( [CommentID], [Title], [SubTitle], [Content], [AccountID], [BlogCateID], [Time], [Image]) VALUES ( NULL, N'4 cách khử khuẩn nhà cao tầng hiệu quả, bạn đã biết?', N'Blog Làm Sạch Nhà Ở', N'<h2 style="color: rgb(0, 0, 0); font-family: Roboto, Arial, sans-serif; text-align: justify;"><span id="Tai_sao_can_phai_tien_hanh_khu_khuan_nha_cao_tang"><span style="font-weight: 400;">Tại sao cần phải tiến hành khử khuẩn nhà cao tầng?</span></span></h2><p style="margin-right: 0px; margin-bottom: 15px; margin-left: 0px; color: rgb(0, 0, 0); font-family: Roboto, Arial, sans-serif; font-size: 15px; text-align: justify;">Đối với chúng ta việc sống trong môi trường sạch sẽ, trong lành là điều mà ai cũng mong muốn để đảm bảo sức khỏe. Bởi người ta thường nói “nhà sạch thì mát, bát sạch ngon cơm” nên việc tiến hành khử khuẩn, vệ sinh luôn được quan tâm. Trong môi trường tồn tại khá nhiều vi khuẩn nếu chúng ta không thường xuyên dọn dẹp và áp dụng các biện pháp.&nbsp;</p><p style="margin-right: 0px; margin-bottom: 15px; margin-left: 0px; color: rgb(0, 0, 0); font-family: Roboto, Arial, sans-serif; font-size: 15px; text-align: justify;">Nếu như không tiến hành khử khuẩn, đặc biệt là ở ngôi nhà cao tầng thì dễ khiến cho vi khuẩn phát tán mầm bệnh. Điều này ảnh hưởng trực tiếp đến sức khỏe của các thành viên trong gia đình bạn. Vì thế chủ nhân cần bớt chút thời gian để có thể thực hiện các biện pháp cụ thể.&nbsp;</p><h2 style="color: rgb(0, 0, 0); font-family: Roboto, Arial, sans-serif; text-align: justify;"><span id="Mot_so_cach_khu_khuan_doi_voi_nha_cao_tang"><span style="font-weight: 400;">Một số cách khử khuẩn đối với nhà cao tầng</span></span></h2><p style="margin-right: 0px; margin-bottom: 15px; margin-left: 0px; color: rgb(0, 0, 0); font-family: Roboto, Arial, sans-serif; font-size: 15px; text-align: justify;">Việc khử khuẩn ở nhà cao tầng luôn được quan tâm để đảm bảo môi trường sống khỏe cho thành viên được vui chơi thoải mái học tập, làm việc. Dưới đây là chia sẻ một số cách mà bạn nên nắm rõ để thực hiện:&nbsp;</p><h3 style="color: rgb(0, 0, 0); font-family: Roboto, Arial, sans-serif; text-align: justify;"><span id="Thuong_xuyen_don_dep_rac"><span style="font-weight: 400;">Thường xuyên dọn dẹp rác</span></span></h3><p style="margin-right: 0px; margin-bottom: 15px; margin-left: 0px; color: rgb(0, 0, 0); font-family: Roboto, Arial, sans-serif; font-size: 15px; text-align: justify;">Lượng rác tại mỗi gia đình tích tụ nhiều ngày sẽ nhanh chóng tạo điều kiện cho vi khuẩn sinh sôi và tập trung các loại côn trùng: ruồi, muỗi, kiến,… Đồng thời, mùi hôi bốc lên từ đó khiến cho chúng ta cảm thấy khó chịu. Vậy nên bạn cần phải thực hiện việc thường xuyên dọn dẹp rác đảm bảo bầu không khí trong lành.&nbsp;</p><h3 style="color: rgb(0, 0, 0); font-family: Roboto, Arial, sans-serif; text-align: justify;"><span id="Trong_cay_xanh"><span style="font-weight: 400;">Trồng cây xanh&nbsp;</span></span></h3><p style="margin-right: 0px; margin-bottom: 15px; margin-left: 0px; color: rgb(0, 0, 0); font-family: Roboto, Arial, sans-serif; font-size: 15px; text-align: justify;">Cây xanh có vai trò quan trọng mà chúng ta đều biết nó không chỉ giúp trang trí nhà cửa mà còn khử trùng nhà cửa rất tốt. Nó còn như bộ máy lọc không khí với tác dụng đuổi côn trùng gây hại cho sức khỏe cho gia đình một cách hiệu quả.&nbsp;</p><h3 style="color: rgb(0, 0, 0); font-family: Roboto, Arial, sans-serif; text-align: justify;"><span id="Su_dung_hoa_chat_de_khu_khuan"><span style="font-weight: 400;">Sử dụng hóa chất để khử khuẩn</span></span></h3><p style="margin-right: 0px; margin-bottom: 15px; margin-left: 0px; color: rgb(0, 0, 0); font-family: Roboto, Arial, sans-serif; font-size: 15px; text-align: justify;">Đối với nhà cao tầng bạn cần phải thực hiện công tác khử khuẩn và một trong những cách hiệu quả là sử dụng hóa chất. Tuy nhiên nếu áp dụng cách này thì cần phải tuân thủ thủ đúng như những yêu cầu mà đơn vị sản xuất sẽ đưa ra để đảm bảo an toàn. Ngoài ra, bạn cần phải kiểm tra đúng liều lượng nhằm mục đích đạt hiệu quả như mong muốn nếu không sẽ phí hoài.&nbsp;</p><h2 style="color: rgb(0, 0, 0); font-family: Roboto, Arial, sans-serif; text-align: justify;"><span id="Ket_luan"><span style="font-weight: 400;">Kết luận</span></span></h2><p style="margin-right: 0px; margin-bottom: 0px; margin-left: 0px; color: rgb(0, 0, 0); font-family: Roboto, Arial, sans-serif; font-size: 15px; text-align: justify;">Trên đây là toàn bộ những thông tin chi tiết mà V-HomeCLean cung cấp đến người đọc về&nbsp;<b>cách khử khuẩn nhà cao tầng&nbsp;</b>để bạn nắm rõ. Hy vọng rằng các gia đình hãy tìm hiểu và thực hiện để đảm bảo sống trong môi trường trong lành, bảo vệ sức khỏe cho gia đình mình.&nbsp;</p><p style="margin-right: 0px; margin-bottom: 15px; margin-left: 0px; color: rgb(0, 0, 0); font-family: Roboto, Arial, sans-serif; font-size: 15px; text-align: justify;"><br></p><p style="margin-right: 0px; margin-bottom: 15px; margin-left: 0px; color: rgb(0, 0, 0); font-family: Roboto, Arial, sans-serif; font-size: 15px; text-align: justify;"><br></p>', N'AC0001', 1, CAST(N'2023-06-25T10:41:48.523' AS DateTime), N'img/Blog003.jpg')
INSERT [dbo].[Blog] ( [CommentID], [Title], [SubTitle], [Content], [AccountID], [BlogCateID], [Time], [Image]) VALUES ( NULL, N'MẸO LÀM SẠCH CỬA KÍNH TẠI NHÀ MÀ ÍT NGƯỜI NÓI CHO BẠN BIẾT', N' Blog Làm Sạch Nhà Ở', N'<p style="margin-right: 0px; margin-bottom: 15px; margin-left: 0px; color: rgb(0, 0, 0); font-family: Roboto, Arial, sans-serif; font-size: 15px;">Cửa kính đang là lựa chọn hàng đầu của rất nhiều gia đình, công ty, doanh nghiệp bởi tính thẩm mỹ và đón được ánh sáng tự nhiên rất tốt. Nhưng việc vệ sinh cửa kính vẫn luôn là một vấn đề nan giải. Hiện nay, Có rất nhiều loại tẩy rửa kính trên thị trường nhưng nhiều người không có thời gian để mua về sử dụng mà muốn làm sạch nhanh. Vì vậy, hãy cùng V-HomeClean tham khảo một số mẹo dễ làm tại nhà mà hiệu quả nha.</p><p style="margin-right: 0px; margin-bottom: 15px; margin-left: 0px; color: rgb(0, 0, 0); font-family: Roboto, Arial, sans-serif; font-size: 15px;"><strong>Nên lau cửa kính vào những ngày nhiều mây</strong></p><p style="margin-right: 0px; margin-bottom: 15px; margin-left: 0px; color: rgb(0, 0, 0); font-family: Roboto, Arial, sans-serif; font-size: 15px;">Đây là một trong những&nbsp;mẹo lau cửa kính sạch&nbsp;mà ít người biết. Bạn nên hạn chế lau cửa sổ vào những ngày nắng bởi thời tiết nắng nóng có thể khiến dung dịch tẩy rửa bay hơi nhanh chóng và để lại những vết ố vàng. Nên sự lựa chọn tốt nhất là nên chọn một ngày khô ráo và nhiều mây để làm vệ sinh cửa sổ.</p><p style="margin-right: 0px; margin-bottom: 15px; margin-left: 0px; color: rgb(0, 0, 0); font-family: Roboto, Arial, sans-serif; font-size: 15px;"><strong>Dùng giấm trắng</strong></p><p style="margin-right: 0px; margin-bottom: 15px; margin-left: 0px; color: rgb(0, 0, 0); font-family: Roboto, Arial, sans-serif; font-size: 15px;">Dấm là một nguyên liệu rất phổ biến trong cuộc sống của chúng ta ngoài dùng trong nấu ăn chúng còn được dùng trong làm sạch kính như sau:</p><p style="margin-right: 0px; margin-bottom: 15px; margin-left: 0px; color: rgb(0, 0, 0); font-family: Roboto, Arial, sans-serif; font-size: 15px;"><strong><em>Bước 1</em></strong>: Trộn ¼ cốc giấm trắng hoặc giấm táo với hai cốc nước và thêm vào đó nửa thìa cà phê nước rửa bát.</p><p style="margin-right: 0px; margin-bottom: 15px; margin-left: 0px; color: rgb(0, 0, 0); font-family: Roboto, Arial, sans-serif; font-size: 15px;"><strong><em>Bước 2</em></strong>: Khuấy đều hỗn hợp và đổ nó vào bình xịt.</p><p style="margin-right: 0px; margin-bottom: 15px; margin-left: 0px; color: rgb(0, 0, 0); font-family: Roboto, Arial, sans-serif; font-size: 15px;"><strong><em>Bước 3</em></strong>: Lau qua cửa sổ bằng khăn vải mềm.</p><p style="margin-right: 0px; margin-bottom: 15px; margin-left: 0px; color: rgb(0, 0, 0); font-family: Roboto, Arial, sans-serif; font-size: 15px;"><strong><em>Bước 4</em></strong>: Đặt một chiếc khăn lên bệ cửa sổ để thấm dung dịch có thể chảy xuống.</p><p style="margin-right: 0px; margin-bottom: 15px; margin-left: 0px; color: rgb(0, 0, 0); font-family: Roboto, Arial, sans-serif; font-size: 15px;"><strong><em>Bước 5</em></strong>: Xịt dung dịch này nên các ô kính cửa sổ và lau bề mặt bằng khăn vải mềm rồi làm khô nhanh chóng để ngăn ngừa vết ố trên cửa sổ.</p><p style="margin-right: 0px; margin-bottom: 15px; margin-left: 0px; color: rgb(0, 0, 0); font-family: Roboto, Arial, sans-serif; font-size: 15px;">Với những ô cửa có kích thước lớn thì dùng bộ gạt kính để làm sạch hiệu quả và tiết kiệm thời gian.</p><p style="margin-right: 0px; margin-bottom: 15px; margin-left: 0px; color: rgb(0, 0, 0); font-family: Roboto, Arial, sans-serif; font-size: 15px;"><strong>Lau kính bằng nước rửa chén</strong></p><p style="margin-right: 0px; margin-bottom: 15px; margin-left: 0px; color: rgb(0, 0, 0); font-family: Roboto, Arial, sans-serif; font-size: 15px;">Một phương pháp đơn giản nhưng cực kì hiệu quả mà hầu như nhân viên vệ sinh chuyên nghiệp trong vệ sinh công nghiệp đều biết là lau kính bằng nước rửa chén. Hãy tận dụng nước rửa chén có trong nhà bạn vừa tiết kiệm chi phí và sạch kính hiệu quả như sau:</p><p style="margin-right: 0px; margin-bottom: 15px; margin-left: 0px; color: rgb(0, 0, 0); font-family: Roboto, Arial, sans-serif; font-size: 15px;"><strong><em>Bước 1</em></strong>: Cần pha khoảng 1 muỗng cà phê nước rửa chén vào vài lít nước trong xô.</p><p style="margin-right: 0px; margin-bottom: 15px; margin-left: 0px; color: rgb(0, 0, 0); font-family: Roboto, Arial, sans-serif; font-size: 15px;"><strong><em>Bước 2</em></strong>: Dùng khăn sạch nhúng vào hỗn hợp này và tiến hành lau kính.</p><p style="margin-right: 0px; margin-bottom: 15px; margin-left: 0px; color: rgb(0, 0, 0); font-family: Roboto, Arial, sans-serif; font-size: 15px;"><strong><em>Bước 3</em></strong>: Sau khi đã tẩy hết các vết ố, vết dầu mỡ, bạn dùng một chiếc khăn khô lau sạch xà phòng trên kính là xong.</p><p style="margin-right: 0px; margin-bottom: 15px; margin-left: 0px; color: rgb(0, 0, 0); font-family: Roboto, Arial, sans-serif; font-size: 15px;"><strong>Lau kính bằng muối trắng</strong></p><p style="margin-right: 0px; margin-bottom: 15px; margin-left: 0px; color: rgb(0, 0, 0); font-family: Roboto, Arial, sans-serif; font-size: 15px;">Với các cửa kính bị nước mưa bắn vào trong thời gian dài gây nên các vết ố cứng đầu bạn có biết muối có thể xóa bỏ chúng trong giây lát. Cách vệ sinh kính bằng muối được thực hiện khá đơn giản.</p><p style="margin-right: 0px; margin-bottom: 15px; margin-left: 0px; color: rgb(0, 0, 0); font-family: Roboto, Arial, sans-serif; font-size: 15px;"><strong><em>Bước 1</em></strong>: Cho một lượng muối vừa đủ vào trong bọc vải sau đó lau lên bề mặt kính nhất là tại các vết ố.</p><p style="margin-right: 0px; margin-bottom: 15px; margin-left: 0px; color: rgb(0, 0, 0); font-family: Roboto, Arial, sans-serif; font-size: 15px;"><strong><em>Bước 2</em></strong>: Sau đó dùng khăn ướt lau lại một lần nữa là được. Cửa kính nhà bạn sẽ lại sáng bóng như mới.</p><p style="margin-right: 0px; margin-bottom: 15px; margin-left: 0px; color: rgb(0, 0, 0); font-family: Roboto, Arial, sans-serif; font-size: 15px;"><strong>Lau kính bằng bột phấn</strong></p><p style="margin-right: 0px; margin-bottom: 15px; margin-left: 0px; color: rgb(0, 0, 0); font-family: Roboto, Arial, sans-serif; font-size: 15px;">Dùng bột phấn viết bảng cũng là một trong những cách lau kính sạch và nhanh mà bạn có thể áp dụng. Dụng cụ lau kính bạn cần chuẩn bị vô cùng đơn giản, chỉ cần ít bột phần và vài chiếc khăn mềm. Cách lau sạch cửa kính bằng bột phấn thực hiện như sau:</p><p style="margin-right: 0px; margin-bottom: 15px; margin-left: 0px; color: rgb(0, 0, 0); font-family: Roboto, Arial, sans-serif; font-size: 15px;"><strong><em>Bước 1</em></strong>: Ngâm phấn trong nước.</p><p style="margin-right: 0px; margin-bottom: 15px; margin-left: 0px; color: rgb(0, 0, 0); font-family: Roboto, Arial, sans-serif; font-size: 15px;"><strong><em>Bước 2</em></strong>: Sau đó, nhúng khăn sạch vào dung dịch này và lau lên cửa kính.</p><p style="margin-right: 0px; margin-bottom: 0px; margin-left: 0px; color: rgb(0, 0, 0); font-family: Roboto, Arial, sans-serif; font-size: 15px;"><strong><em>Bước 3</em></strong>: Đợi đến khi nước phấn trên kính khô lại hoàn toàn thì dùng khăn mềm lau chùi lại là xong.</p><p style="margin-right: 0px; margin-bottom: 15px; margin-left: 0px; color: rgb(0, 0, 0); font-family: Roboto, Arial, sans-serif; font-size: 15px;"><br></p>', N'AC0001', 1, CAST(N'2023-06-25T10:49:07.517' AS DateTime), N'img/Blog004.jpg')
INSERT [dbo].[Blog] ( [CommentID], [Title], [SubTitle], [Content], [AccountID], [BlogCateID], [Time], [Image]) VALUES ( NULL, N'Vì sao máy lạnh không mát? 5 nguyên nhân chính và cách xử lý', N'', N'<h2 style="color: rgb(51, 51, 51); width: 963.662px; margin-bottom: 0.5em; text-rendering: optimizespeed; font-size: 1.6em; line-height: 1.3; font-family: &quot;-apple-system, BlinkMacSystemFont, &amp;quot;Segoe UI&amp;quot;, Roboto, Oxygen-Sans, Ubuntu, Cantarell, &amp;quot;Helvetica Neue&amp;quot;, sans-serif&quot;, sans-serif;"><span style="-webkit-box-decoration-break: clone; font-weight: 400;">Những lý do vì sao máy lạnh không mát</span><span class="ez-toc-section-end" style="-webkit-box-decoration-break: clone;"></span></h2><p style="margin-bottom: 1.3em; color: rgb(51, 51, 51); font-family: &quot;-apple-system, BlinkMacSystemFont, &amp;quot;Segoe UI&amp;quot;, Roboto, Oxygen-Sans, Ubuntu, Cantarell, &amp;quot;Helvetica Neue&amp;quot;, sans-serif&quot;, sans-serif; font-size: medium;">Máy lạnh dường như đã trở thành thiết bị không thể thiếu trong mỗi gia đình Việt Nam hiện nay. Để biết nguyên nhân<span style="font-weight: bolder;">&nbsp;vì sao máy lạnh không mát</span>&nbsp;và tìm cách khắc phục thì bạn hãy theo dõi những chia sẻ sau:</p><h3 style="color: rgb(51, 51, 51); width: 963.662px; margin-bottom: 0.5em; text-rendering: optimizespeed; font-size: 1.25em; font-family: &quot;-apple-system, BlinkMacSystemFont, &amp;quot;Segoe UI&amp;quot;, Roboto, Oxygen-Sans, Ubuntu, Cantarell, &amp;quot;Helvetica Neue&amp;quot;, sans-serif&quot;, sans-serif;"><span class="ez-toc-section" id="Do_gas_may_lanh_co_the_da_het" style="-webkit-box-decoration-break: clone;"></span><span style="-webkit-box-decoration-break: clone; font-weight: 400;">Do gas máy lạnh có thể đã hết</span><span class="ez-toc-section-end" style="-webkit-box-decoration-break: clone;"></span></h3><p style="margin-bottom: 1.3em; color: rgb(51, 51, 51); font-family: &quot;-apple-system, BlinkMacSystemFont, &amp;quot;Segoe UI&amp;quot;, Roboto, Oxygen-Sans, Ubuntu, Cantarell, &amp;quot;Helvetica Neue&amp;quot;, sans-serif&quot;, sans-serif; font-size: medium;">Tình trạng hết gas do sử dụng lâu ngày là một trong những nguyên dẫn đến việc máy lạnh không mát. Vấn đề này có thể do việc lắp đặt không đúng kỹ thuật khiến đường ống dẫn gas bị rò rỉ. Nếu bạn không phát hiện kịp thời thì gas sẽ không đủ để làm mát không khí.</p><p style="margin-bottom: 1.3em; color: rgb(51, 51, 51); font-family: &quot;-apple-system, BlinkMacSystemFont, &amp;quot;Segoe UI&amp;quot;, Roboto, Oxygen-Sans, Ubuntu, Cantarell, &amp;quot;Helvetica Neue&amp;quot;, sans-serif&quot;, sans-serif; font-size: medium;">Tình trạng hết gas yêu cầu phải là người có chuyên môn mới có thể khắc phục. Vì vậy, bạn nên gọi nhân viên bảo trì, bảo dưỡng tại trung tâm dịch vụ điện máy của OYASU qua địa chỉ&nbsp;<a href="https://oyasu.vn/" target="_blank" rel="noopener" style="touch-action: manipulation; color: rgb(51, 51, 51);">https://oyasu.vn/</a>&nbsp;nếu muốn kịp thời sửa chữa.</p><h3 style="color: rgb(51, 51, 51); width: 963.662px; margin-bottom: 0.5em; text-rendering: optimizespeed; font-size: 1.25em; font-family: &quot;-apple-system, BlinkMacSystemFont, &amp;quot;Segoe UI&amp;quot;, Roboto, Oxygen-Sans, Ubuntu, Cantarell, &amp;quot;Helvetica Neue&amp;quot;, sans-serif&quot;, sans-serif;"><span class="ez-toc-section" id="Do_nguon_dien_khong_on_dinh" style="-webkit-box-decoration-break: clone;"></span><span style="-webkit-box-decoration-break: clone; font-weight: 400;">Do nguồn điện không ổn định</span><span class="ez-toc-section-end" style="-webkit-box-decoration-break: clone;"></span></h3><p style="margin-bottom: 1.3em; color: rgb(51, 51, 51); font-family: &quot;-apple-system, BlinkMacSystemFont, &amp;quot;Segoe UI&amp;quot;, Roboto, Oxygen-Sans, Ubuntu, Cantarell, &amp;quot;Helvetica Neue&amp;quot;, sans-serif&quot;, sans-serif; font-size: medium;">Vào mùa hè, khi nhu cầu sử dụng điện tăng cao, năng suất mạnh thì sẽ thường xuyên xuất hiện nên tình trạng quá tải điện. Đây cũng là nguyên nhân hàng đầu khiến cho máy lạnh không mát, thậm chí là không thể hoạt động nếu điện áp quá yếu, không đáp ứng đủ mức điện năng của máy lạnh.&nbsp;Bạn nên lắp đặt thêm ổn áp để ổn định nguồn điện, đáp ứng kịp thời nhu cầu sử dụng năng lượng của gia đình bạn.</p><h3 style="color: rgb(51, 51, 51); width: 963.662px; margin-bottom: 0.5em; text-rendering: optimizespeed; font-size: 1.25em; font-family: &quot;-apple-system, BlinkMacSystemFont, &amp;quot;Segoe UI&amp;quot;, Roboto, Oxygen-Sans, Ubuntu, Cantarell, &amp;quot;Helvetica Neue&amp;quot;, sans-serif&quot;, sans-serif;"><span class="ez-toc-section" id="Do_dat_sai_che_do_lam_mat_cua_may_lanh" style="-webkit-box-decoration-break: clone;"></span><span style="-webkit-box-decoration-break: clone; font-weight: 400;">Do đặt sai chế độ làm mát của máy lạnh</span><span class="ez-toc-section-end" style="-webkit-box-decoration-break: clone;"></span></h3><p style="margin-bottom: 1.3em; color: rgb(51, 51, 51); font-family: &quot;-apple-system, BlinkMacSystemFont, &amp;quot;Segoe UI&amp;quot;, Roboto, Oxygen-Sans, Ubuntu, Cantarell, &amp;quot;Helvetica Neue&amp;quot;, sans-serif&quot;, sans-serif; font-size: medium;">Khi máy lạnh không mát thì nguyên nhân cũng có thể do bạn đặt sai chế độ hoặc bấm nhầm ký hiệu có tác dụng khác như sưởi, quạt,… trên thiết bị điều khiển.&nbsp;Trong trường hợp này, để điều hòa được chạy tốt và làm mát hiệu quả thì bạn nên bật đúng chế độ làm mát trên thiết bị điều khiển. Có một lưu ý nhỏ là để mát lạnh mát tốt nhất thì bạn nên bật điều hòa ở chế độ Cool thay vì chế độ Fan nhé.</p><h3 style="color: rgb(51, 51, 51); width: 963.662px; margin-bottom: 0.5em; text-rendering: optimizespeed; font-size: 1.25em; font-family: &quot;-apple-system, BlinkMacSystemFont, &amp;quot;Segoe UI&amp;quot;, Roboto, Oxygen-Sans, Ubuntu, Cantarell, &amp;quot;Helvetica Neue&amp;quot;, sans-serif&quot;, sans-serif;"><span class="ez-toc-section" id="Do_hong_tu_dien_hoac_bang_mach" style="-webkit-box-decoration-break: clone;"></span><span style="-webkit-box-decoration-break: clone; font-weight: 400;">Do hỏng tụ điện hoặc bảng mạch</span><span class="ez-toc-section-end" style="-webkit-box-decoration-break: clone;"></span></h3><p style="margin-bottom: 1.3em; color: rgb(51, 51, 51); font-family: &quot;-apple-system, BlinkMacSystemFont, &amp;quot;Segoe UI&amp;quot;, Roboto, Oxygen-Sans, Ubuntu, Cantarell, &amp;quot;Helvetica Neue&amp;quot;, sans-serif&quot;, sans-serif; font-size: medium;">Một lý do nữa để giải thích cho vấn đề&nbsp;<span style="font-weight: bolder;">vì sao máy lạnh không mát</span>&nbsp;là việc tụ điện bị hỏng.&nbsp;Điều hòa nhà bạn nếu luôn duy trì ở mức 20 độ trong thời gian dài thì dễ làm cho máy bị quá tải, dẫn đến tụ điện hoặc bảng mạch bị hỏng. Nếu mọi người không kịp thời khắc phục sự cố này thì máy lạnh sẽ chỉ hoạt động như một chiếc quạt gió bình thường.</p><p style="margin-bottom: 1.3em; color: rgb(51, 51, 51); font-family: &quot;-apple-system, BlinkMacSystemFont, &amp;quot;Segoe UI&amp;quot;, Roboto, Oxygen-Sans, Ubuntu, Cantarell, &amp;quot;Helvetica Neue&amp;quot;, sans-serif&quot;, sans-serif; font-size: medium;">Bạn cần liên hệ ngay với trung tâm sửa chữa, bảo trì máy lạnh để đến kiểm tra và thay mới linh kiện cần thiết.&nbsp;Nếu không muốn gặp phải tình trạng này, bạn đừng bật máy lạnh ở chế độ thấp thường xuyên, tránh trường hợp máy lạnh hoạt động quá tải trong thời gian dài.</p><h3 style="color: rgb(51, 51, 51); width: 963.662px; margin-bottom: 0.5em; text-rendering: optimizespeed; font-size: 1.25em; font-family: &quot;-apple-system, BlinkMacSystemFont, &amp;quot;Segoe UI&amp;quot;, Roboto, Oxygen-Sans, Ubuntu, Cantarell, &amp;quot;Helvetica Neue&amp;quot;, sans-serif&quot;, sans-serif;"><span class="ez-toc-section" id="Do_luoi_loc_qua_ban" style="-webkit-box-decoration-break: clone;"></span><span style="-webkit-box-decoration-break: clone; font-weight: 400;">Do lưới lọc quá bẩn</span><span class="ez-toc-section-end" style="-webkit-box-decoration-break: clone;"></span></h3><p style="margin-bottom: 1.3em; color: rgb(51, 51, 51); font-family: &quot;-apple-system, BlinkMacSystemFont, &amp;quot;Segoe UI&amp;quot;, Roboto, Oxygen-Sans, Ubuntu, Cantarell, &amp;quot;Helvetica Neue&amp;quot;, sans-serif&quot;, sans-serif; font-size: medium;">Điều hòa sử dụng lâu ngày mà tấm lọc không được vệ sinh sẽ gây ảnh hưởng đến quá trình vận hành của thiết bị. Đây chính là lý do&nbsp;<span style="font-weight: bolder;">vì sao máy lạnh không mát</span>. Đồng thời, trong trường hợp này thì điện năng mà máy lạnh tiêu thụ sẽ nhiều hơn bình thường nhưng năng suất hoạt động lại thấp, không hiệu quả.&nbsp;</p><p style="margin-bottom: 1.3em; color: rgb(51, 51, 51); font-family: &quot;-apple-system, BlinkMacSystemFont, &amp;quot;Segoe UI&amp;quot;, Roboto, Oxygen-Sans, Ubuntu, Cantarell, &amp;quot;Helvetica Neue&amp;quot;, sans-serif&quot;, sans-serif; font-size: medium;">Các thiết bị điện lạnh nên được vệ sinh định kỳ 3 – 6 tháng một lần, đặc biệt là tấm lọc không khí. Tuy nhiên bạn cần lưu ý không nên tự vệ sinh máy lạnh khi không có kỹ thuật, chuyên môn.&nbsp;</p><p style="margin-bottom: 1.3em; color: rgb(51, 51, 51); font-family: &quot;-apple-system, BlinkMacSystemFont, &amp;quot;Segoe UI&amp;quot;, Roboto, Oxygen-Sans, Ubuntu, Cantarell, &amp;quot;Helvetica Neue&amp;quot;, sans-serif&quot;, sans-serif; font-size: medium;"><br></p>', N'AC0001', 1, CAST(N'2023-06-25T10:52:10.467' AS DateTime), N'img/Blog005.jpg')
INSERT [dbo].[Blog] (  [CommentID], [Title], [SubTitle], [Content], [AccountID], [BlogCateID], [Time], [Image]) VALUES ( NULL, N'5 bước dọn dẹp phòng ngủ bảo vệ sức khỏe', N' Blog Làm Sạch Nhà Ở', N'<p style="margin-right: 0px; margin-bottom: 15px; margin-left: 0px; color: rgb(0, 0, 0); font-family: Roboto, Arial, sans-serif; font-size: 15px;">Phòng ngủ là nơi rất quan trọng bởi nó là nơi cân bằng mọi sinh hoạt trong cuộc sống. Nhưng ít người lại để tâm chăm sóc chúng. Những nguyên tắc chăm sóc phòng ngủ dưới đây sẽ giúp bạn dọn dẹp phòng ngủ một cách hiệu quả tránh các da và hô hấp thông thường do bụi bẩn gây ra trong lúc ngủ.</p><ol style="color: rgb(0, 0, 0); font-family: Roboto, Arial, sans-serif; font-size: 15px;"><li><strong>Thay ga gối mỗi tuần</strong></li></ol><p style="margin-right: 0px; margin-bottom: 15px; margin-left: 0px; color: rgb(0, 0, 0); font-family: Roboto, Arial, sans-serif; font-size: 15px;">Nếu bạn không đủ thời gian để dọn dẹp nhà cửa thì việc quan trọng nhất bạn nên làm để đảm bảo sức khỏe và da dẻ là thay ga gối mỗi tuần. Hãy nhớ dù bạn có tắm gội sạch sẽ mỗi ngày trước khi đi ngủ thì bụi trong không khí, vi sinh vật gây hại cũng vẫn bám đọng trên ga gối, các khí thải, chất bã trên cơ thể bạn vẫn tiết ra dù bạn có thể không cảm thấy có mùi hôi hay vết bẩn. Bạn thậm chí không mặc quần áo đến lần thứ hai thì tại sao lại để ga gối hàng tháng không thay?</p><ol start="2" style="color: rgb(0, 0, 0); font-family: Roboto, Arial, sans-serif; font-size: 15px;"><li><strong>Hãy nhớ rằng mọi thứ đều có vị trí của nó</strong></li></ol><p style="margin-right: 0px; margin-bottom: 15px; margin-left: 0px; color: rgb(0, 0, 0); font-family: Roboto, Arial, sans-serif; font-size: 15px;">Một trong những việc khó khăn nhất khi dọn dẹp phòng ngủ là tìm và xếp những đồ đạc lung tung vào đúng vị trí của nó. Hãy sắp xếp mọi đồ đạc trong phòng vào đúng góc và theo thứ tự từ trước thì sau bạn sẽ dễ dàng hơn. Ví dụ như phân rõ ngăn tủ quần áo của vợ chồng và con cái hay xếp gọn giá sách theo bảng chữ cái.</p><ol start="3" style="color: rgb(0, 0, 0); font-family: Roboto, Arial, sans-serif; font-size: 15px;"><li><strong>Giữ sàn nhà sạch sẽ</strong></li></ol><p style="margin-right: 0px; margin-bottom: 15px; margin-left: 0px; color: rgb(0, 0, 0); font-family: Roboto, Arial, sans-serif; font-size: 15px;">Thực tế dù là bạn “tối giản” bề mặt tới đâu thì luôn có sàn nhà là mặt phẳng to uỳnh, nơi trú ngụ yêu thích của bụi bẩn. Vì thế nguyên tắc là luôn dọn dẹp sạch sẽ sàn nhà, dọn dẹp quần áp bẩn trên sàn, không để đồ đạc vương vãi và dùng máy hút bụi để làm sạch sàn nhà. Nếu bạn dùng thảm thì nên mang chúng ra ngoài để rũ sạch bụi bặm một tháng một lần cho dù bạn vẫn đều đặn hút bụi mỗi tuần đi chăng nữa.</p><ol start="4" style="color: rgb(0, 0, 0); font-family: Roboto, Arial, sans-serif; font-size: 15px;"><li><strong>Cho và vứt những thứ không cần thiết</strong></li></ol><p style="margin-right: 0px; margin-bottom: 15px; margin-left: 0px; color: rgb(0, 0, 0); font-family: Roboto, Arial, sans-serif; font-size: 15px;">Thật dễ dàng để tích trữ quần áo, giày dép, và các phụ kiện. Tuy nhiên khi phải soạn ra để vứt đi thì bạn lại băn khoăn chần chừ. Nhiều chị em tự an ủi rằng rồi sẽ có lúc mình lại mặc nó, cái đó còn mới mà. Nhưng thử nghĩ xem, mấy năm rồi bạn chưa sờ đến chúng? Hãy đứng lên, bắt tay vào dọn dẹp phòng ngủ và tủ quần áo, cho quyên góp những thứ bạn không cần nữa cho những người đang thiếu thốn hơn ngay vào cuối tuần này</p><ol start="5" style="color: rgb(0, 0, 0); font-family: Roboto, Arial, sans-serif; font-size: 15px;"><li><strong>Hạn chế cho thú cưng vào phòng</strong></li></ol><p style="margin-right: 0px; margin-bottom: 15px; margin-left: 0px; color: rgb(0, 0, 0); font-family: Roboto, Arial, sans-serif; font-size: 15px;">Bạn rất thân thiết và thường xuyên cho chó mèo vào phòng ngủ? Vậy thì bạn hãy ngừng việc đó ngay nếu muốn phòng ngủ luôn sạch sẽ, thơm tho. Lông và chấy rận ở những con thú nuôi sẽ vương vãi khắp chăn đệm, giường chiếu và khó mà giũ sạch. Phòng ngủ của bạn đâu phải là cái ổ! Do đó, hãy mua cho chú chó của bạn một chiếc đệm ngủ và đặt ở góc khác của ngôi nhà.</p>', N'AC0001', 1, CAST(N'2023-06-25T10:57:47.577' AS DateTime), N'img/Blog006.jpg')
INSERT [dbo].[Blog] (  [CommentID], [Title], [SubTitle], [Content], [AccountID], [BlogCateID], [Time], [Image]) VALUES ( NULL, N'Bơm ga tủ lạnh theo quy trình như thế nào? Có dễ không?', N'Bơm ga tủ lạnh theo quy trình', N'<p style="margin-bottom: 1.3em; color: rgb(51, 51, 51); font-family: &quot;-apple-system, BlinkMacSystemFont, &amp;quot;Segoe UI&amp;quot;, Roboto, Oxygen-Sans, Ubuntu, Cantarell, &amp;quot;Helvetica Neue&amp;quot;, sans-serif&quot;, sans-serif; font-size: medium; text-align: justify;">Tủ lạnh nhà bạn đang có dấu hiệu xuống cấp sau một thời gian sử dụng? Hơi lạnh trong tủ kém dần khiến thực phẩm không đảm bảo chất lượng? Khả năng cao tủ lạnh đang cần nạp thêm ga để hoạt động ổn định. Vậy quy trình bơm ga tủ lạnh như thế nào? Có nguy hiểm không? Theo dõi ngay giải đáp của V-HomeClean dưới đây nhé!</p><h2 style="color: rgb(51, 51, 51); width: 963.662px; margin-bottom: 0.5em; text-rendering: optimizespeed; font-size: 1.6em; line-height: 1.3; font-family: &quot;-apple-system, BlinkMacSystemFont, &amp;quot;Segoe UI&amp;quot;, Roboto, Oxygen-Sans, Ubuntu, Cantarell, &amp;quot;Helvetica Neue&amp;quot;, sans-serif&quot;, sans-serif; text-align: justify;"><span class="ez-toc-section" id="Khi_nao_can_bom_ga_tu_lanh" style="-webkit-box-decoration-break: clone;"></span>Khi nào cần bơm ga tủ lạnh?<span class="ez-toc-section-end" style="-webkit-box-decoration-break: clone;"></span></h2><p style="margin-bottom: 1.3em; color: rgb(51, 51, 51); font-family: &quot;-apple-system, BlinkMacSystemFont, &amp;quot;Segoe UI&amp;quot;, Roboto, Oxygen-Sans, Ubuntu, Cantarell, &amp;quot;Helvetica Neue&amp;quot;, sans-serif&quot;, sans-serif; font-size: medium; text-align: justify;">ga tủ lạnh có vai trò rất quan trọng đối với hoạt động của thiết bị. Nó có tác dụng chuyển nhiệt lạnh từ ngăn đá xuống ngăn mát. Đối với thiết bị chạy ổn định, khí ga sẽ được lưu thông tuần hoàn. Trong trường hợp tủ lạnh bị rò rỉ khí ga là dấu hiệu cảnh báo thiết bị đã xuống cấp. Lúc này, bạn nên liên hệ tới các đơn vị sửa chữa điện lạnh chuyên nghiệp. Nhân viên kỹ thuật sẽ xuống tận nơi để nạp thêm ga cho tủ lạnh. Một số dấu hiệu cho thấy bạn cần<span style="font-weight: bolder;">&nbsp;bơm ga tủ lạnh</span>&nbsp;như sau:</p><ul style="list-style-position: initial; list-style-image: initial; padding: 0px; margin-bottom: 1.3em; color: rgb(51, 51, 51); font-family: &quot;-apple-system, BlinkMacSystemFont, &amp;quot;Segoe UI&amp;quot;, Roboto, Oxygen-Sans, Ubuntu, Cantarell, &amp;quot;Helvetica Neue&amp;quot;, sans-serif&quot;, sans-serif; font-size: medium; text-align: justify;"><li aria-level="1" style="margin-bottom: 0.6em; margin-left: 1.3em;">Dây nguồn của tủ lạnh vẫn kết nối với điện nhưng không có hơi lạnh. Khi mở cánh tủ lạnh, bạn sẽ cảm nhận rõ được điều này.</li><li aria-level="1" style="margin-bottom: 0.6em; margin-left: 1.3em;">Dàn nóng của tủ lạnh vẫn hoạt động nhưng độ nóng không đạt tới mức bình thường. Bạn có thể phát hiện điều này khi sờ tay trực tiếp vào hai bên hông tủ.</li><li aria-level="1" style="margin-bottom: 0.6em; margin-left: 1.3em;">Máy nén của tủ lạnh vẫn chạy đều nhưng không tạo ra hơi lạnh.</li></ul><h2 style="color: rgb(51, 51, 51); width: 963.662px; margin-bottom: 0.5em; text-rendering: optimizespeed; font-size: 1.6em; line-height: 1.3; font-family: &quot;-apple-system, BlinkMacSystemFont, &amp;quot;Segoe UI&amp;quot;, Roboto, Oxygen-Sans, Ubuntu, Cantarell, &amp;quot;Helvetica Neue&amp;quot;, sans-serif&quot;, sans-serif; text-align: justify;"><span class="ez-toc-section" id="Meo_kiem_tra_tu_lanh_bi_thieu_ga_don_gian_nhat" style="-webkit-box-decoration-break: clone;"></span>Mẹo kiểm tra tủ lạnh bị thiếu ga đơn giản nhất<span class="ez-toc-section-end" style="-webkit-box-decoration-break: clone;"></span></h2><p style="margin-bottom: 1.3em; color: rgb(51, 51, 51); font-family: &quot;-apple-system, BlinkMacSystemFont, &amp;quot;Segoe UI&amp;quot;, Roboto, Oxygen-Sans, Ubuntu, Cantarell, &amp;quot;Helvetica Neue&amp;quot;, sans-serif&quot;, sans-serif; font-size: medium; text-align: justify;">Ngoài những dấu hiệu trên, bạn có thể sử dụng mẹo để kiểm tra tủ lạnh có bị thiếu ga hay không. Dưới đây là hai cách kiểm tra thiết bị phổ biến bạn có thể áp dụng. Đó là:</p><h3 style="color: rgb(51, 51, 51); width: 963.662px; margin-bottom: 0.5em; text-rendering: optimizespeed; font-size: 1.25em; font-family: &quot;-apple-system, BlinkMacSystemFont, &amp;quot;Segoe UI&amp;quot;, Roboto, Oxygen-Sans, Ubuntu, Cantarell, &amp;quot;Helvetica Neue&amp;quot;, sans-serif&quot;, sans-serif; text-align: justify;">Test thử bằng nước rửa chén hoặc bột giặt<span class="ez-toc-section-end" style="-webkit-box-decoration-break: clone;"></span></h3><p style="margin-bottom: 1.3em; color: rgb(51, 51, 51); font-family: &quot;-apple-system, BlinkMacSystemFont, &amp;quot;Segoe UI&amp;quot;, Roboto, Oxygen-Sans, Ubuntu, Cantarell, &amp;quot;Helvetica Neue&amp;quot;, sans-serif&quot;, sans-serif; font-size: medium; text-align: justify;">Nếu bạn nghi ngờ tủ lạnh thiếu ga thì có thể kiểm tra bằng cách sử dụng bột giặt hoặc nước rửa chén. Trước tiên, bạn thấm nước vào một chiếc khăn lâu rồi cho một ít bột giặt/nước rửa chén. Tiếp theo, bạn chà nhẹ chiếc khăn này cho tới khi tạo bọt. Sau đó, bạn dùng chiếc khăn này lau bề mặt xung quanh dàn lạnh và dàn nóng. Vị trí nào xuất hiện bọt sủi li ti trong quá trình tủ lạnh hoạt động thì chứng tỏ bị thủng.</p><h3 style="color: rgb(51, 51, 51); width: 963.662px; margin-bottom: 0.5em; text-rendering: optimizespeed; font-size: 1.25em; font-family: &quot;-apple-system, BlinkMacSystemFont, &amp;quot;Segoe UI&amp;quot;, Roboto, Oxygen-Sans, Ubuntu, Cantarell, &amp;quot;Helvetica Neue&amp;quot;, sans-serif&quot;, sans-serif; text-align: justify;"><span class="ez-toc-section" id="Dung_dau_de_kiem_tra_ga_tu_lanh" style="-webkit-box-decoration-break: clone;"></span>Dùng dầu để kiểm tra ga tủ lạnh<span class="ez-toc-section-end" style="-webkit-box-decoration-break: clone;"></span></h3><p style="margin-bottom: 1.3em; color: rgb(51, 51, 51); font-family: &quot;-apple-system, BlinkMacSystemFont, &amp;quot;Segoe UI&amp;quot;, Roboto, Oxygen-Sans, Ubuntu, Cantarell, &amp;quot;Helvetica Neue&amp;quot;, sans-serif&quot;, sans-serif; font-size: medium; text-align: justify;">Nếu bạn đang băn khoăn không biết có nên&nbsp;<span style="font-weight: bolder;">bơm ga tủ lạnh</span>&nbsp;hay không thì hãy kiểm tra thiết bị. Bước đầu tiên, bạn ngắt nguồn điện và lau sạch thiết bị. Tiếp đó, bạn cắm điện cho chạy thiết bị và quan sát đường ống dẫn hơi lạnh. Trong trường hợp vết dầu loang xuất hiện, đường ống đã bị thủng. Từ đó gây rò rỉ khí ga ra bên ngoài môi trường.</p><h2 style="color: rgb(51, 51, 51); width: 963.662px; margin-bottom: 0.5em; text-rendering: optimizespeed; font-size: 1.6em; line-height: 1.3; font-family: &quot;-apple-system, BlinkMacSystemFont, &amp;quot;Segoe UI&amp;quot;, Roboto, Oxygen-Sans, Ubuntu, Cantarell, &amp;quot;Helvetica Neue&amp;quot;, sans-serif&quot;, sans-serif; text-align: justify;"><span class="ez-toc-section" id="Huong_dan_quy_trinh_bom_ga_tu_lanh_nhanh_nhat" style="-webkit-box-decoration-break: clone;"></span>Hướng dẫn quy trình bơm ga tủ lạnh nhanh nhất<span class="ez-toc-section-end" style="-webkit-box-decoration-break: clone;"></span></h2><p style="margin-bottom: 1.3em; color: rgb(51, 51, 51); font-family: &quot;-apple-system, BlinkMacSystemFont, &amp;quot;Segoe UI&amp;quot;, Roboto, Oxygen-Sans, Ubuntu, Cantarell, &amp;quot;Helvetica Neue&amp;quot;, sans-serif&quot;, sans-serif; font-size: medium; text-align: justify;">Thao tác&nbsp;<span style="font-weight: bolder;">bơm ga tủ lạnh</span>&nbsp;cần được thực hiện đúng kỹ thuật. Bởi vậy, bạn không nên tự ý thay ga tại nhà mà nên nhờ sự trợ giúp của thợ kỹ thuật có chuyên môn. Quy trình nạp thêm ga cho tủ lạnh như sau:</p><ul style="list-style-position: initial; list-style-image: initial; padding: 0px; margin-bottom: 1.3em; color: rgb(51, 51, 51); font-family: &quot;-apple-system, BlinkMacSystemFont, &amp;quot;Segoe UI&amp;quot;, Roboto, Oxygen-Sans, Ubuntu, Cantarell, &amp;quot;Helvetica Neue&amp;quot;, sans-serif&quot;, sans-serif; font-size: medium; text-align: justify;"><li aria-level="1" style="margin-bottom: 0.6em; margin-left: 1.3em;">Bước 1: Chuẩn bị loại ga phù hợp để bơm cho tủ lạnh. Lưu ý rằng, loại ga mới phải đúng chủng loại với ga cũ của biết bị. Một số loại ga sử dụng phổ biến như: ga R134a, ga R12, ga R600, ga R404.</li><li aria-level="1" style="margin-bottom: 0.6em; margin-left: 1.3em;">Bước 2: Thay thế chai ga mới ở vị trí của máy hút.</li><li aria-level="1" style="margin-bottom: 0.6em; margin-left: 1.3em;">Bước 3: Từ từ mở van đồng hồ và van chai ga. Khi đó, lượng ga mới sẽ được nạp vào hệ thống. Bạn chờ cho đến khi mức áp suất tăng đến ngưỡng 35-45 PSI thi đóng van của chai ga.</li><li aria-level="1" style="margin-bottom: 0.6em; margin-left: 1.3em;">Bước 4: Kiểm tra kỹ lại các mối hàn để tránh tình trạng rò rỉ ga. Đồng thời, bạn xem van đồng hồ đã đóng chặt hay chưa.</li><li aria-level="1" style="margin-bottom: 0.6em; margin-left: 1.3em;">Bước 5: Kết nối nguồn điện của tủ lạnh và tiếp tục nạp ga cho đến khi đạt mức tiêu chuẩn theo quy định.</li></ul><p style="margin-bottom: 1.3em; color: rgb(51, 51, 51); font-family: &quot;-apple-system, BlinkMacSystemFont, &amp;quot;Segoe UI&amp;quot;, Roboto, Oxygen-Sans, Ubuntu, Cantarell, &amp;quot;Helvetica Neue&amp;quot;, sans-serif&quot;, sans-serif; font-size: medium; text-align: justify;">Hy vọng rằng, những thông tin trên đây sẽ giúp bạn hiểu rõ hơn về các dấu hiệu cần&nbsp;<span style="font-weight: bolder;">bơm ga tủ lạnh</span>&nbsp;và quy trình nạp ga đúng chuẩn.</p>', N'AC0001', 2, CAST(N'2023-06-25T11:00:15.803' AS DateTime), N'img/Blog007.jpg')
INSERT [dbo].[Blog] (  [CommentID], [Title], [SubTitle], [Content], [AccountID], [BlogCateID], [Time], [Image]) VALUES ( NULL, N'Tìm hiểu nguyên nhân tại sao máy lạnh không mát?', N'Máy lạnh không mát', N'<p style="margin-bottom: 1.3em; color: rgb(51, 51, 51); font-family: &quot;-apple-system, BlinkMacSystemFont, &amp;quot;Segoe UI&amp;quot;, Roboto, Oxygen-Sans, Ubuntu, Cantarell, &amp;quot;Helvetica Neue&amp;quot;, sans-serif&quot;, sans-serif; font-size: medium;">Mặc dù máy lạnh nhà bạn vẫn hoạt động bình thường thế nhưng không thể làm mát được. Vậy do đâu&nbsp;<span style="font-weight: bolder;">tại sao máy lạnh không mát</span>? Nguyên nhân nào dẫn đến tình trạng phổ biến này? Hãy tìm hiểu vấn đề này qua bài viết dưới đây cùng V-HomeClean nhé!</p><h2 style="color: rgb(51, 51, 51); width: 963.662px; margin-bottom: 0.5em; text-rendering: optimizespeed; font-size: 1.6em; line-height: 1.3; font-family: &quot;-apple-system, BlinkMacSystemFont, &amp;quot;Segoe UI&amp;quot;, Roboto, Oxygen-Sans, Ubuntu, Cantarell, &amp;quot;Helvetica Neue&amp;quot;, sans-serif&quot;, sans-serif;"><span class="ez-toc-section" id="Do_luoi_loc_bi_bam_ban" style="-webkit-box-decoration-break: clone;"></span>Do lưới lọc bị bám bẩn<span class="ez-toc-section-end" style="-webkit-box-decoration-break: clone;"></span></h2><p style="margin-bottom: 1.3em; color: rgb(51, 51, 51); font-family: &quot;-apple-system, BlinkMacSystemFont, &amp;quot;Segoe UI&amp;quot;, Roboto, Oxygen-Sans, Ubuntu, Cantarell, &amp;quot;Helvetica Neue&amp;quot;, sans-serif&quot;, sans-serif; font-size: medium;">Nếu bạn không vệ sinh các lưới lọc thường xuyên thì lươis sẽ bị bám bụi bẩn. Lúc này máy lạnh sẽ hút gió và đẩy gió ít hơn. Công suất tiêu thụ của máy lạnh cũng sẽ cao hơn mức bình thường.</p><p style="margin-bottom: 1.3em; color: rgb(51, 51, 51); font-family: &quot;-apple-system, BlinkMacSystemFont, &amp;quot;Segoe UI&amp;quot;, Roboto, Oxygen-Sans, Ubuntu, Cantarell, &amp;quot;Helvetica Neue&amp;quot;, sans-serif&quot;, sans-serif; font-size: medium;">Lượng điện năng tiêu thụ lớn nên máy lạnh sẽ tạo nên tiếng ồn và không thể mang lại hiệu quả khi làm lạnh. Chính vì vậy để khắc phục tình trạng “<span style="font-weight: bolder;">tại sao máy lạnh không mát</span>” thì bạn cần vệ sinh lưới lọc thường xuyên. Đặc biệt nên vệ sinh 1 tháng/ lần để để đảm bảo an toàn.</p><h2 style="color: rgb(51, 51, 51); width: 963.662px; margin-bottom: 0.5em; text-rendering: optimizespeed; font-size: 1.6em; line-height: 1.3; font-family: &quot;-apple-system, BlinkMacSystemFont, &amp;quot;Segoe UI&amp;quot;, Roboto, Oxygen-Sans, Ubuntu, Cantarell, &amp;quot;Helvetica Neue&amp;quot;, sans-serif&quot;, sans-serif;"><span class="ez-toc-section" id="Do_may_lanh_thieu_hoac_het_gas" style="-webkit-box-decoration-break: clone;"></span>Do máy lạnh thiếu hoặc hết gas<span class="ez-toc-section-end" style="-webkit-box-decoration-break: clone;"></span></h2><p style="margin-bottom: 1.3em; color: rgb(51, 51, 51); font-family: &quot;-apple-system, BlinkMacSystemFont, &amp;quot;Segoe UI&amp;quot;, Roboto, Oxygen-Sans, Ubuntu, Cantarell, &amp;quot;Helvetica Neue&amp;quot;, sans-serif&quot;, sans-serif; font-size: medium;">Khi bạn lắp không đúng các tiêu chuẩn sẽ trực tiếp khiến bộ phận dẫn gas bị rò rỉ hoặc sử dụng một thời gian dài. Tình trạng hết gas rất dễ nhận biết như:</p><ul style="list-style-position: initial; list-style-image: initial; padding: 0px; margin-bottom: 1.3em; color: rgb(51, 51, 51); font-family: &quot;-apple-system, BlinkMacSystemFont, &amp;quot;Segoe UI&amp;quot;, Roboto, Oxygen-Sans, Ubuntu, Cantarell, &amp;quot;Helvetica Neue&amp;quot;, sans-serif&quot;, sans-serif; font-size: medium;"><li aria-level="1" style="margin-bottom: 0.6em; margin-left: 1.3em;">Xuất hiện tuyết bám trên van ống của dàn làm lạnh.</li><li aria-level="1" style="margin-bottom: 0.6em; margin-left: 1.3em;">Dòng điện hoạt động thấp hơn các định mức đã ghi trên máy lạnh.</li><li aria-level="1" style="margin-bottom: 0.6em; margin-left: 1.3em;">So với các dòng máy lạnh cũ, các loại máy lạnh mới thường có chế độ tự động tắt sau 10 – 15 phút. Sau đó nếu thấy máy lạnh báo lỗi nghĩa là máy lạnh của gia đình bạn đang gặp vấn đề.</li></ul><p style="margin-bottom: 1.3em; color: rgb(51, 51, 51); font-family: &quot;-apple-system, BlinkMacSystemFont, &amp;quot;Segoe UI&amp;quot;, Roboto, Oxygen-Sans, Ubuntu, Cantarell, &amp;quot;Helvetica Neue&amp;quot;, sans-serif&quot;, sans-serif; font-size: medium;">Nếu xảy ra các nguyên nhân trên, bạn nên liên lạc với trung tâm bảo dưỡng, bảo trì để nhận được hỗ trợ. Đặc biệt, để máy lạnh luôn trong tình trạng sử dụng tốt thì bạn nên kiểm tra và vệ sinh máy thường xuyên 3 tháng/ lần.</p><h2 style="color: rgb(51, 51, 51); width: 963.662px; margin-bottom: 0.5em; text-rendering: optimizespeed; font-size: 1.6em; line-height: 1.3; font-family: &quot;-apple-system, BlinkMacSystemFont, &amp;quot;Segoe UI&amp;quot;, Roboto, Oxygen-Sans, Ubuntu, Cantarell, &amp;quot;Helvetica Neue&amp;quot;, sans-serif&quot;, sans-serif;"><span class="ez-toc-section" id="Do_may_nen_hong" style="-webkit-box-decoration-break: clone;"></span>Do máy nên hỏng<span class="ez-toc-section-end" style="-webkit-box-decoration-break: clone;"></span></h2><p style="margin-bottom: 1.3em; color: rgb(51, 51, 51); font-family: &quot;-apple-system, BlinkMacSystemFont, &amp;quot;Segoe UI&amp;quot;, Roboto, Oxygen-Sans, Ubuntu, Cantarell, &amp;quot;Helvetica Neue&amp;quot;, sans-serif&quot;, sans-serif; font-size: medium;">Trong các bộ phận của máy lạnh, máy nén chính là một bộ phận vô cùng quan trọng. Tuy máy lạnh vẫn có thể hoạt động bình thường nhưng máy nén hỏng sẽ không thể làm mát.</p><p style="margin-bottom: 1.3em; color: rgb(51, 51, 51); font-family: &quot;-apple-system, BlinkMacSystemFont, &amp;quot;Segoe UI&amp;quot;, Roboto, Oxygen-Sans, Ubuntu, Cantarell, &amp;quot;Helvetica Neue&amp;quot;, sans-serif&quot;, sans-serif; font-size: medium;">Máy nén hỏng được xuất phát từ nhiều nguyên nhân khác nhau. Chẳng hạn như mất nguồn cáp hay mạch điều khiển bị lỗi,…Những bộ phận này bạn không thể tự ý sửa chữa. Thay vào đó hãy liên hệ thợ sửa chuyên nghiệp để máy lạnh được khắc phục kịp thời.</p><h2 style="color: rgb(51, 51, 51); width: 963.662px; margin-bottom: 0.5em; text-rendering: optimizespeed; font-size: 1.6em; line-height: 1.3; font-family: &quot;-apple-system, BlinkMacSystemFont, &amp;quot;Segoe UI&amp;quot;, Roboto, Oxygen-Sans, Ubuntu, Cantarell, &amp;quot;Helvetica Neue&amp;quot;, sans-serif&quot;, sans-serif;">Do tụ và bảng mạch hỏng<span class="ez-toc-section-end" style="-webkit-box-decoration-break: clone;"></span></h2><p style="margin-bottom: 1.3em; color: rgb(51, 51, 51); font-family: &quot;-apple-system, BlinkMacSystemFont, &amp;quot;Segoe UI&amp;quot;, Roboto, Oxygen-Sans, Ubuntu, Cantarell, &amp;quot;Helvetica Neue&amp;quot;, sans-serif&quot;, sans-serif; font-size: medium;"><span style="font-weight: bolder;">Tại sao máy lạnh không mát</span>&nbsp;có thể xuất phát từ việc bị hư hỏng tụ và bảng điện. Bởi khi tụ điện hay bảng mạch bị hỏng sẽ gián tiếp biến chiếc điều hòa trong gia đình bạn trở thành một chiếc quạt thông thường. Nguyên nhân dẫn đến tình trạng này do:</p><ul style="list-style-position: initial; list-style-image: initial; padding: 0px; margin-bottom: 1.3em; color: rgb(51, 51, 51); font-family: &quot;-apple-system, BlinkMacSystemFont, &amp;quot;Segoe UI&amp;quot;, Roboto, Oxygen-Sans, Ubuntu, Cantarell, &amp;quot;Helvetica Neue&amp;quot;, sans-serif&quot;, sans-serif; font-size: medium;"><li aria-level="1" style="margin-bottom: 0.6em; margin-left: 1.3em;">Máy đang được sử dụng quá tải.</li><li aria-level="1" style="margin-bottom: 0.6em; margin-left: 1.3em;">Nhiệt độ duy trì máy lạnh ở mức độ thấp bị kéo dài liên tục.</li></ul><p style="margin-bottom: 1.3em; color: rgb(51, 51, 51); font-family: &quot;-apple-system, BlinkMacSystemFont, &amp;quot;Segoe UI&amp;quot;, Roboto, Oxygen-Sans, Ubuntu, Cantarell, &amp;quot;Helvetica Neue&amp;quot;, sans-serif&quot;, sans-serif; font-size: medium;">Để khắc phục tình trạng trên thì bạn cần liên hệ với các trung tâm bảo trì để được thay bảng mạch hay tụ điện. Đồng thời, hãy duy trì nhiệt độ của máy lạnh trong khoảng 25 – 27 độ C để giảm thiểu hư hỏng. Bảng mạch cũng cần được vệ sinh liên tục để ngăn chặn côn trùng hay nhện làm tổ gây chập, cháy. Để đảm bảo hơn, khi vệ sinh thì bạn nên tắt nguồn để đảm bảo an toàn.</p><h2 style="color: rgb(51, 51, 51); width: 963.662px; margin-bottom: 0.5em; text-rendering: optimizespeed; font-size: 1.6em; line-height: 1.3; font-family: &quot;-apple-system, BlinkMacSystemFont, &amp;quot;Segoe UI&amp;quot;, Roboto, Oxygen-Sans, Ubuntu, Cantarell, &amp;quot;Helvetica Neue&amp;quot;, sans-serif&quot;, sans-serif;"><span class="ez-toc-section" id="Do_dien_bi_qua_tai" style="-webkit-box-decoration-break: clone;"></span>Do điện bị quá tải<span class="ez-toc-section-end" style="-webkit-box-decoration-break: clone;"></span></h2><p style="margin-bottom: 1.3em; color: rgb(51, 51, 51); font-family: &quot;-apple-system, BlinkMacSystemFont, &amp;quot;Segoe UI&amp;quot;, Roboto, Oxygen-Sans, Ubuntu, Cantarell, &amp;quot;Helvetica Neue&amp;quot;, sans-serif&quot;, sans-serif; font-size: medium;">Khi nhu cầu sử dụng máy lạnh của mỗi gia đình tăng cao nên tình trạng quá tải điện xảy ra thường xuyên vào mùa hè oi bức. Vì thế, nguồn điện yếu và không ổn định sẽ khiến cho máy nén bị nóng lên. Từ đó, máy lạnh cũng mất đi khả năng làm mát.</p><p style="margin-bottom: 1.3em; color: rgb(51, 51, 51); font-family: &quot;-apple-system, BlinkMacSystemFont, &amp;quot;Segoe UI&amp;quot;, Roboto, Oxygen-Sans, Ubuntu, Cantarell, &amp;quot;Helvetica Neue&amp;quot;, sans-serif&quot;, sans-serif; font-size: medium;">Để điều hòa không hỏng thì bạn nên sử dụng ổn áp nhằm ổn định nguồn điện. Điều này giúp gia đình bạn được ứng cứu kịp thời trong thời tiết mùa hè.</p><h2 style="color: rgb(51, 51, 51); width: 963.662px; margin-bottom: 0.5em; text-rendering: optimizespeed; font-size: 1.6em; line-height: 1.3; font-family: &quot;-apple-system, BlinkMacSystemFont, &amp;quot;Segoe UI&amp;quot;, Roboto, Oxygen-Sans, Ubuntu, Cantarell, &amp;quot;Helvetica Neue&amp;quot;, sans-serif&quot;, sans-serif;"><span class="ez-toc-section" id="Do_may_lanh_chay_nuoc" style="-webkit-box-decoration-break: clone;"></span>Do máy lạnh chảy nước<span class="ez-toc-section-end" style="-webkit-box-decoration-break: clone;"></span></h2><p style="margin-bottom: 1.3em; color: rgb(51, 51, 51); font-family: &quot;-apple-system, BlinkMacSystemFont, &amp;quot;Segoe UI&amp;quot;, Roboto, Oxygen-Sans, Ubuntu, Cantarell, &amp;quot;Helvetica Neue&amp;quot;, sans-serif&quot;, sans-serif; font-size: medium;">Khi máy lạnh bị chảy nước trong một thời gian dài sẽ tạo nên một lớp rêu trong ống thoát nước. Lớp rêu này sẽ cản trở nước thoát ra ngoài. Từ đó, máy lạnh sẽ giảm đáng kể khả năng làm lạnh của mình. Vì vậy, bạn cần vệ sinh hoặc thay ống mới để điều hòa có thể làm mát nhé!</p><h2 style="color: rgb(51, 51, 51); width: 963.662px; margin-bottom: 0.5em; text-rendering: optimizespeed; font-size: 1.6em; line-height: 1.3; font-family: &quot;-apple-system, BlinkMacSystemFont, &amp;quot;Segoe UI&amp;quot;, Roboto, Oxygen-Sans, Ubuntu, Cantarell, &amp;quot;Helvetica Neue&amp;quot;, sans-serif&quot;, sans-serif;"><span class="ez-toc-section" id="Do_che_do_lam_mat_bi_dat_sai" style="-webkit-box-decoration-break: clone;"></span>Do chế độ làm mát bị đặt sai<span class="ez-toc-section-end" style="-webkit-box-decoration-break: clone;"></span></h2><p style="margin-bottom: 1.3em; color: rgb(51, 51, 51); font-family: &quot;-apple-system, BlinkMacSystemFont, &amp;quot;Segoe UI&amp;quot;, Roboto, Oxygen-Sans, Ubuntu, Cantarell, &amp;quot;Helvetica Neue&amp;quot;, sans-serif&quot;, sans-serif; font-size: medium;">Một trong những nguyên nhân khiến chi máy lạnh không mát là bật nhầm sang các chức năng khác như quạt, sưởi,..Để chắc chắn bản thân không bật sai chế độ thì bạn buộc phải nắm được các ký hiệu phổ biến trên điều khiển điều hòa.</p><ul style="list-style-position: initial; list-style-image: initial; padding: 0px; margin-bottom: 1.3em; color: rgb(51, 51, 51); font-family: &quot;-apple-system, BlinkMacSystemFont, &amp;quot;Segoe UI&amp;quot;, Roboto, Oxygen-Sans, Ubuntu, Cantarell, &amp;quot;Helvetica Neue&amp;quot;, sans-serif&quot;, sans-serif; font-size: medium;"><li aria-level="1" style="margin-bottom: 0.6em; margin-left: 1.3em;">Ký hiệu Cool có hình bông tuyết.</li><li aria-level="1" style="margin-bottom: 0.6em; margin-left: 1.3em;">Ký hiệu Dry có hình giọt nước.</li><li aria-level="1" style="margin-bottom: 0.6em; margin-left: 1.3em;">Hình mặt trời là ký hiệu của chế độ sưởi.</li><li aria-level="1" style="margin-bottom: 0.6em; margin-left: 1.3em;">Chế độ tự động,..</li></ul><p style="margin-bottom: 1.3em; color: rgb(51, 51, 51); font-family: &quot;-apple-system, BlinkMacSystemFont, &amp;quot;Segoe UI&amp;quot;, Roboto, Oxygen-Sans, Ubuntu, Cantarell, &amp;quot;Helvetica Neue&amp;quot;, sans-serif&quot;, sans-serif; font-size: medium;"><br></p>', N'AC0001', 2, CAST(N'2023-06-25T11:04:16.690' AS DateTime), N'img/Blog008.jpg')
INSERT [dbo].[Blog] (  [CommentID], [Title], [SubTitle], [Content], [AccountID], [BlogCateID], [Time], [Image]) VALUES ( NULL, N'Máy lạnh bao lâu vệ sinh 1 lần để kéo dài tuổi thọ?', N'Máy lạnh bao lâu vệ sinh 1 lần', N'<p style="margin-bottom: 1.3em; color: rgb(51, 51, 51); font-family: &quot;-apple-system, BlinkMacSystemFont, &amp;quot;Segoe UI&amp;quot;, Roboto, Oxygen-Sans, Ubuntu, Cantarell, &amp;quot;Helvetica Neue&amp;quot;, sans-serif&quot;, sans-serif; font-size: medium;">Liệu bạn có biết các tình trạng như máy lạnh gây ồn, máy lạnh bị chảy nước hay máy lạnh làm lạnh không tốt đều xuất phát từ việc máy lạnh bị bám quá nhiều bụi bẩn xung quanh. Vì vậy,&nbsp;<span style="font-weight: bolder;">máy lạnh bao lâu vệ sinh 1 lần</span>&nbsp;để kéo dài tuổi thọ? Để trả lời câu hỏi trên, hãy cùng V-HomeClean tìm hiểu nhé!</p><h2 style="color: rgb(51, 51, 51); width: 963.662px; margin-bottom: 0.5em; text-rendering: optimizespeed; font-size: 1.6em; line-height: 1.3; font-family: &quot;-apple-system, BlinkMacSystemFont, &amp;quot;Segoe UI&amp;quot;, Roboto, Oxygen-Sans, Ubuntu, Cantarell, &amp;quot;Helvetica Neue&amp;quot;, sans-serif&quot;, sans-serif;"><span class="ez-toc-section" id="Ly_do_can_ve_sinh_may_lanh_theo_dinh_ky" style="-webkit-box-decoration-break: clone;"></span>Lý do cần vệ sinh máy lạnh theo định kỳ?<span class="ez-toc-section-end" style="-webkit-box-decoration-break: clone;"></span></h2><p style="margin-bottom: 1.3em; color: rgb(51, 51, 51); font-family: &quot;-apple-system, BlinkMacSystemFont, &amp;quot;Segoe UI&amp;quot;, Roboto, Oxygen-Sans, Ubuntu, Cantarell, &amp;quot;Helvetica Neue&amp;quot;, sans-serif&quot;, sans-serif; font-size: medium;">Không thể tránh khỏi tình trạng bám bụi của máy lạnh khi sử dụng. Nhưng khi lớp bụi bẩn quá nhiều sẽ khiến công suất hoạt động bị giảm và vi khuẩn cũng được tạo cơ hội sinh sôi.</p><h3 style="color: rgb(51, 51, 51); width: 963.662px; margin-bottom: 0.5em; text-rendering: optimizespeed; font-size: 1.25em; font-family: &quot;-apple-system, BlinkMacSystemFont, &amp;quot;Segoe UI&amp;quot;, Roboto, Oxygen-Sans, Ubuntu, Cantarell, &amp;quot;Helvetica Neue&amp;quot;, sans-serif&quot;, sans-serif;"><span class="ez-toc-section" id="Giam_kha_nang_lam_lanh" style="-webkit-box-decoration-break: clone;"></span>Giảm khả năng làm lạnh<span class="ez-toc-section-end" style="-webkit-box-decoration-break: clone;"></span></h3><p style="margin-bottom: 1.3em; color: rgb(51, 51, 51); font-family: &quot;-apple-system, BlinkMacSystemFont, &amp;quot;Segoe UI&amp;quot;, Roboto, Oxygen-Sans, Ubuntu, Cantarell, &amp;quot;Helvetica Neue&amp;quot;, sans-serif&quot;, sans-serif; font-size: medium;">Theo nhiều chuyên gia khuyến cáo, sau mỗi tuần hoạt động máy lạnh có thể giảm 1% khả năng làm mát do bụi bẩn. Con số này sẽ không dừng lại mà ngược lại càng gia tăng khi tỷ lệ bám bụi nhiều hơn.</p><p style="margin-bottom: 1.3em; color: rgb(51, 51, 51); font-family: &quot;-apple-system, BlinkMacSystemFont, &amp;quot;Segoe UI&amp;quot;, Roboto, Oxygen-Sans, Ubuntu, Cantarell, &amp;quot;Helvetica Neue&amp;quot;, sans-serif&quot;, sans-serif; font-size: medium;">Bụi bẩn bám vào nhiều khiến cho máy lạnh khó có thể vận hành với công suất ban đầu. Từ đó khả năng làm mát cũng bị hạn chế.</p><h3 style="color: rgb(51, 51, 51); width: 963.662px; margin-bottom: 0.5em; text-rendering: optimizespeed; font-size: 1.25em; font-family: &quot;-apple-system, BlinkMacSystemFont, &amp;quot;Segoe UI&amp;quot;, Roboto, Oxygen-Sans, Ubuntu, Cantarell, &amp;quot;Helvetica Neue&amp;quot;, sans-serif&quot;, sans-serif;">Tuổi thọ bị giảm nhanh chóng<span class="ez-toc-section-end" style="-webkit-box-decoration-break: clone;"></span></h3><p style="margin-bottom: 1.3em; color: rgb(51, 51, 51); font-family: &quot;-apple-system, BlinkMacSystemFont, &amp;quot;Segoe UI&amp;quot;, Roboto, Oxygen-Sans, Ubuntu, Cantarell, &amp;quot;Helvetica Neue&amp;quot;, sans-serif&quot;, sans-serif; font-size: medium;">Tình trạng bụi bẩn bị bám quá nhiều khiến cho điều hoà không thể hoạt động hết công suất vốn có của nó. Nếu không được vệ sinh kịp thời, máy lạnh cũng sẽ nhanh chóng bị giảm tuổi thọ.</p><p style="margin-bottom: 1.3em; color: rgb(51, 51, 51); font-family: &quot;-apple-system, BlinkMacSystemFont, &amp;quot;Segoe UI&amp;quot;, Roboto, Oxygen-Sans, Ubuntu, Cantarell, &amp;quot;Helvetica Neue&amp;quot;, sans-serif&quot;, sans-serif; font-size: medium;">Dàn nóng chính là bộ phận bị ảnh hưởng đầu tiên. Bởi đây là nơi giúp máy lạnh tản nhiệt. Bụi bẩn sẽ khiến máy lạnh tản nhiệt kém và bị quá tải. Thậm chí còn tự động tắt nguồn khi đang hoạt động bình thường.</p><h3 style="color: rgb(51, 51, 51); width: 963.662px; margin-bottom: 0.5em; text-rendering: optimizespeed; font-size: 1.25em; font-family: &quot;-apple-system, BlinkMacSystemFont, &amp;quot;Segoe UI&amp;quot;, Roboto, Oxygen-Sans, Ubuntu, Cantarell, &amp;quot;Helvetica Neue&amp;quot;, sans-serif&quot;, sans-serif;"><span class="ez-toc-section" id="Tao_dieu_kien_sinh_soi_cua_vi_khuan" style="-webkit-box-decoration-break: clone;"></span>Tạo điều kiện sinh sôi của vi khuẩn<span class="ez-toc-section-end" style="-webkit-box-decoration-break: clone;"></span></h3><p style="margin-bottom: 1.3em; color: rgb(51, 51, 51); font-family: &quot;-apple-system, BlinkMacSystemFont, &amp;quot;Segoe UI&amp;quot;, Roboto, Oxygen-Sans, Ubuntu, Cantarell, &amp;quot;Helvetica Neue&amp;quot;, sans-serif&quot;, sans-serif; font-size: medium;">Có thể thấy màng lọc chính là một bộ phận quan trọng trong máy lạnh. Nó có công dụng giúp thiết bị thanh lọc không khí, ngăn chặn vi khuẩn xuân nhập và mang đến bầu không khí trong lành.</p><p style="margin-bottom: 1.3em; color: rgb(51, 51, 51); font-family: &quot;-apple-system, BlinkMacSystemFont, &amp;quot;Segoe UI&amp;quot;, Roboto, Oxygen-Sans, Ubuntu, Cantarell, &amp;quot;Helvetica Neue&amp;quot;, sans-serif&quot;, sans-serif; font-size: medium;">Khi mang bọc bị bám bụi thì khả năng lọc không khí của máy lạnh sẽ bị suy yếu. Đây chính là nguyên nhân khiến vi khuẩn hình thành và gây ảnh hưởng đến sức khỏe hô hấp của trẻ em và người già.</p><h2 style="color: rgb(51, 51, 51); width: 963.662px; margin-bottom: 0.5em; text-rendering: optimizespeed; font-size: 1.6em; line-height: 1.3; font-family: &quot;-apple-system, BlinkMacSystemFont, &amp;quot;Segoe UI&amp;quot;, Roboto, Oxygen-Sans, Ubuntu, Cantarell, &amp;quot;Helvetica Neue&amp;quot;, sans-serif&quot;, sans-serif;"><span class="ez-toc-section" id="Tim_hieu_may_lanh_bao_lau_ve_sinh_1_lan" style="-webkit-box-decoration-break: clone;"></span>Tìm hiểu máy lạnh bao lâu vệ sinh 1 lần?<span class="ez-toc-section-end" style="-webkit-box-decoration-break: clone;"></span></h2><p style="margin-bottom: 1.3em; color: rgb(51, 51, 51); font-family: &quot;-apple-system, BlinkMacSystemFont, &amp;quot;Segoe UI&amp;quot;, Roboto, Oxygen-Sans, Ubuntu, Cantarell, &amp;quot;Helvetica Neue&amp;quot;, sans-serif&quot;, sans-serif; font-size: medium;"><span style="font-weight: bolder;">Máy lạnh bao lâu vệ sinh 1 lần</span>&nbsp;chiếm phần lớn sự quan tâm của các chị em. Các chuyên gia điện lạnh cũng khuyến cáo bạn nên vệ sinh máy lạnh đúng cách và đúng hướng dẫn. Bởi thời gian vệ sinh máy lạnh sẽ giúp bạn vừa tránh được tình trạng hư hỏng lại vừa tiết kiệm chi phí khi sử dụng dịch vụ vệ sinh máy lạnh tại nhà.</p><p style="margin-bottom: 1.3em; color: rgb(51, 51, 51); font-family: &quot;-apple-system, BlinkMacSystemFont, &amp;quot;Segoe UI&amp;quot;, Roboto, Oxygen-Sans, Ubuntu, Cantarell, &amp;quot;Helvetica Neue&amp;quot;, sans-serif&quot;, sans-serif; font-size: medium;">Thời gian tốt nhất để vệ sinh máy lạnh là khoảng 3 – 4 tháng/ lần đối với những hộ gia đình sử dụng liên tục máy lạnh cả ngày. Nếu dùng ít hơn, khoảng 6 – 8 giờ/ ngày thì bạn có thể vệ sinh 6 tháng/ lần. Còn đối với các cơ sở, xí nghiệp thì bạn nên vệ sinh 1 tháng 1 lần để tần suất hoạt động của máy đảm bảo nhu cầu sử dụng lớn.</p><h2 style="color: rgb(51, 51, 51); width: 963.662px; margin-bottom: 0.5em; text-rendering: optimizespeed; font-size: 1.6em; line-height: 1.3; font-family: &quot;-apple-system, BlinkMacSystemFont, &amp;quot;Segoe UI&amp;quot;, Roboto, Oxygen-Sans, Ubuntu, Cantarell, &amp;quot;Helvetica Neue&amp;quot;, sans-serif&quot;, sans-serif;">Kết luận<span class="ez-toc-section-end" style="-webkit-box-decoration-break: clone;"></span></h2><p style="margin-bottom: 1.3em; color: rgb(51, 51, 51); font-family: &quot;-apple-system, BlinkMacSystemFont, &amp;quot;Segoe UI&amp;quot;, Roboto, Oxygen-Sans, Ubuntu, Cantarell, &amp;quot;Helvetica Neue&amp;quot;, sans-serif&quot;, sans-serif; font-size: medium;"><span style="font-weight: bolder;">Máy lạnh bao lâu vệ sinh 1 lần</span>&nbsp;để kéo dài tuổi thọ là vấn đề nan giải của nhiều người. Hy vọng bài viết trên đây sẽ giúp mọi cùng hiểu rõ về tầm quan trọng của việc vệ sinh máy lạnh. Đừng nên chủ quan bởi rất có thể hệ hô hấp của bạn đang là nạn nhân bị bụi bẩn và vi khuẩn trong máy lạnh tấn công.</p>', N'AC0001', 2, CAST(N'2023-06-25T11:06:44.140' AS DateTime), N'img/Blog009.jpg')
INSERT [dbo].[Blog] (  [CommentID], [Title], [SubTitle], [Content], [AccountID], [BlogCateID], [Time], [Image]) VALUES ( NULL, N'HÃY ĐỂ GHẾ SOFA LUÔN SẠCH ĐẸP', N'Blog Làm Sạch Nhà Ở', N'<h3 class="entry-title" style="color: rgb(0, 0, 0); font-family: Roboto, Arial, sans-serif;"><span id="DE_GHE_SOFA_LUON_SACH_DEP">&nbsp;ĐỂ GHẾ SOFA LUÔN SẠCH ĐẸP</span></h3><p style="margin-right: 0px; margin-bottom: 15px; margin-left: 0px; color: rgb(0, 0, 0); font-family: Roboto, Arial, sans-serif; font-size: 15px;">Trong nhà bạn có bộ ghế sofa, bạn sợ chúng bị dính vết bẩn, bạn không biết&nbsp;vệ sinh ghế sofa&nbsp;hay&nbsp;giặt sofa tại nhà&nbsp;là một vấn đề quá khó? Đừng lo, sẽ có một số cách giúp bạn không còn phải lo ngại vì dính vết bẩn và khó khăn khi vệ sinh ghế sofa nữa.</p><h2 style="color: rgb(0, 0, 0); font-family: Roboto, Arial, sans-serif;"><span id="BOC_SOFA_BANG_CHAT_LIEU_DE_GIAT">BỌC SOFA BẰNG CHẤT LIỆU DỄ GIẶT</span></h2><p style="margin-right: 0px; margin-bottom: 15px; margin-left: 0px; color: rgb(0, 0, 0); font-family: Roboto, Arial, sans-serif; font-size: 15px;">Thông thường những bộ sofa trong nhà sẽ có một màu để trong chúng đồng nhất, sang trọng và đặc biệt là dễ phối màu với nội thất trong ngôi nhà. Tuy nhiên khi lựa chọn ghế sofa chỉ có một tông màu thì cũng sẽ khiến chúng khá đơn điệu về màu sắc. Vì thế để những chiếc ghế sofa có được những nét nổi bật riêng, đồng thời giữ được vệ sinh ghế sofa, bạn nên bọc ghế sofa bằng những nguyên liệu dễ giặt, dễ làm sạch. Tùy vào phong cách mà bạn thích thì những bộ bọc ghế sofa có những màu sắc, hoa văn khác nhau. Ngôi nhà của bạn sẽ khác lạ đáng kể sau khi làm điều này với bộ sofa đấy.</p><h2 style="color: rgb(0, 0, 0); font-family: Roboto, Arial, sans-serif;"><span id="THAY_DOI_PHONG_CACH_VOI_NHUNG_TAM_TRAI">THAY ĐỔI PHONG CÁCH VỚI NHỮNG TẤM TRẢI</span></h2><h2 style="color: rgb(0, 0, 0); font-family: Roboto, Arial, sans-serif;"><span id="THAY_DOI_PHONG_CACH_VOI_NHUNG_TAM_TRAI"><p style="margin-right: 0px; margin-bottom: 15px; margin-left: 0px; font-size: 15px; font-weight: 400;">Khi bạn ngại phải giặt ghế sofa tại nhà, hay lười vệ sinh bề mặt ghế. Hãy sử dụng những miếng trải lông thú, hay những tấm trải bông có hình họa và màu sắc khác với màu của ghế sofa. Bạn sẽ thấy chiếc ghế sofa của bạn trông mới lạ không tưởng, mà lại còn dễ dàng trong việc vệ sinh ghế sofa.</p></span></h2><h2 style="color: rgb(0, 0, 0); font-family: Roboto, Arial, sans-serif;"><span id="TRANG_TRI_THEM_BANG_GOI_DEM">TRANG TRÍ THÊM BẰNG GỐI ĐỆM</span></h2><h2 style="color: rgb(0, 0, 0); font-family: Roboto, Arial, sans-serif;"><p style="margin-right: 0px; margin-bottom: 15px; margin-left: 0px; font-size: 15px; font-weight: 400;">Trong trường hợp bộ ghế sofa nhà bạn đã bị dính vết bẩn mà không thể làm sạch được, hoặc tệ hơn nữa là bị rách, thủng nhỏ, lúc này bạn có thể sử dụng thêm những chiếc gối đệm mỏng vừa mang tính chất che đi khuyết điểm, vừa là vật trang trí thêm giúp bộ ghế sofa thêm sắc màu hơn. Thường thì những chiếc gối đệm sẽ có cùng tông màu với bộ ghế sofa, nhưng để làm nổi bật hơn thì những chi tiết hoa văn nên có màu đặc sắc hơn, tạo nên những nét nhấn đặc biệt cho bộ sofa.</p></h2><h2 style="color: rgb(0, 0, 0); font-family: Roboto, Arial, sans-serif;"><span id="MAY_NHUNG_CHIEC_AO_CHO_BO_GHE_SOFA">MAY NHỮNG CHIẾC ÁO CHO BỘ GHẾ SOFA</span></h2><h2 style="color: rgb(0, 0, 0); font-family: Roboto, Arial, sans-serif;"><p style="margin-right: 0px; margin-bottom: 0px; margin-left: 0px; font-size: 15px; font-weight: 400;">Tương tự như chăn, gối, ghế sofa cũng sẽ có một chiếc áo bọc phía ngoài, mục đích là vừa bảo vệ phần trong được sạch sẽ, vừa có thể giúp trang trí và trông được mới lạ hơn. Hơn nữa mỗi lần vệ sinh ghế sofa cũng trở nên dễ dàng hơn, bạn chỉ việc tháo bộ áo ra và đem chúng đi giặt sạch, thế là bạn lại có được bộ ghế sofa.</p></h2>', N'AC0001', 1, CAST(N'2023-06-25T11:10:05.380' AS DateTime), N'img/Blog010.jpg')
INSERT [dbo].[Blog] (  [CommentID], [Title], [SubTitle], [Content], [AccountID], [BlogCateID], [Time], [Image]) VALUES ( NULL, N'CÁC CÁCH LÀM SẠCH VÀ BẢO QUẢN TỦ SẮT ĐỰNG TÀI LIỆU VĂN PHÒNG', N' Blog Làm Sạch', N'<p style="margin-right: 0px; margin-bottom: 15px; margin-left: 0px; color: rgb(0, 0, 0); font-family: Roboto, Arial, sans-serif; font-size: 15px;">Tủ sắt văn phòng&nbsp;ngày càng được sử dụng phổ biến trong các doanh nghiệp, công ty,…Tủ sắt được nhiều người ưa chuộng bởi nó có độ bền cao, kiểu dáng đẹp mắt và&nbsp; giúp bạn quản lý tài liệu, bảo mật giấy tờ hiệu quả đồng thời góp phần tạo nên không gian làm việc chuyên nghiệp và đẳng cấp cho văn phòng bạn.</p><p style="margin-right: 0px; margin-bottom: 15px; margin-left: 0px; color: rgb(0, 0, 0); font-family: Roboto, Arial, sans-serif; font-size: 15px;">Trong quá trình sử dụng bạn cần biết cách vệ sinh và bảo quản tủ sắt đúng cách để tủ luôn bền đẹp phát huy tối đa công năng của sản phẩm. Chúng tôi sẽ đưa ra một số biện pháp để các bạn tham khảo.</p><p style="margin-right: 0px; margin-bottom: 15px; margin-left: 0px; color: rgb(0, 0, 0); font-family: Roboto, Arial, sans-serif; font-size: 15px;"><strong>Bước 1: Mua tủ sắt văn phòng có chất lượng&nbsp;</strong></p><p style="margin-right: 0px; margin-bottom: 15px; margin-left: 0px; color: rgb(0, 0, 0); font-family: Roboto, Arial, sans-serif; font-size: 15px;">Bước đầu tiên cũng là bước quan trọng nhất, nếu bạn muốn dùng tủ sắt lâu dài thì đầu tiên bạn phải mua được chiếc tủ sắt văn phòng có chất lượng tốt.</p><p style="margin-right: 0px; margin-bottom: 15px; margin-left: 0px; color: rgb(0, 0, 0); font-family: Roboto, Arial, sans-serif; font-size: 15px;">Khi lựa chọn tủ sắt, bạn nên cân nhắc vì trên thị trường có nhiều mẫu tủ sắt văn phòng có mẫu mã đẹp, nhiều màu sắc nhưng chất lượng không hề tốt, làm bằng chất liệu tôn mỏng, di chuyển nhiều lần chân tủ sẽ bị biến dạng, khó trở về trạng thái ban đầu.</p><p style="margin-right: 0px; margin-bottom: 15px; margin-left: 0px; color: rgb(0, 0, 0); font-family: Roboto, Arial, sans-serif; font-size: 15px;">Tủ sắt có tính thẩm mỹ cao, thêm vào đó giá của một chiếc tủ sắt rẻ hơn nhiều so với tủ gỗ, vì thế tủ sắt là một lựa chọn thích hợp cho văn phòng làm việc của bạn.</p><p style="margin-right: 0px; margin-bottom: 15px; margin-left: 0px; color: rgb(0, 0, 0); font-family: Roboto, Arial, sans-serif; font-size: 15px;"><strong>Bước 2: Sử dụng và bảo quản tủ sắt tránh khỏi han gỉ, móp méo</strong></p><p style="margin-right: 0px; margin-bottom: 15px; margin-left: 0px; color: rgb(0, 0, 0); font-family: Roboto, Arial, sans-serif; font-size: 15px;">Xưa ông cha ta có câu “Của bền tại người”, muốn đồ đạc của mình có tuổi thọ cao thì phải biết sử dụng và bảo quản đúng cách. Đối với tủ sắt văn phòng cũng vậy, bề ngoài của tủ có mới hay không, thời gian sử dụng của tủ có lâu hay không là do cách bảo quản của bạn.</p><p style="margin-right: 0px; margin-bottom: 15px; margin-left: 0px; color: rgb(0, 0, 0); font-family: Roboto, Arial, sans-serif; font-size: 15px;"><strong><em><u>Cách sử dụng tủ sắt văn phòng</u></em></strong></p><p style="margin-right: 0px; margin-bottom: 15px; margin-left: 0px; color: rgb(0, 0, 0); font-family: Roboto, Arial, sans-serif; font-size: 15px;">– Xem hướng dẫn đi kèm với sản phẩm để lắp ráp tủ sắt.</p><p style="margin-right: 0px; margin-bottom: 15px; margin-left: 0px; color: rgb(0, 0, 0); font-family: Roboto, Arial, sans-serif; font-size: 15px;">– Phân bổ trọng lượng đồ đạc trong tủ, tránh để đồ dồn vào một chỗ, dễ gây cong vênh tủ.</p><p style="margin-right: 0px; margin-bottom: 15px; margin-left: 0px; color: rgb(0, 0, 0); font-family: Roboto, Arial, sans-serif; font-size: 15px;">– Đặt tủ ở những nơi có nền phẳng, không nên để tủ ở những nền gồ ghế.</p><p style="margin-right: 0px; margin-bottom: 15px; margin-left: 0px; color: rgb(0, 0, 0); font-family: Roboto, Arial, sans-serif; font-size: 15px;">– Nên để đồ trong trọng tải cho phép của tủ, tránh để đồ quá nặng, các ngăn tủ sẽ bị méo gây mất thẩm mỹ.</p><p style="margin-right: 0px; margin-bottom: 15px; margin-left: 0px; color: rgb(0, 0, 0); font-family: Roboto, Arial, sans-serif; font-size: 15px;"><strong><em><u>Bảo quản tủ sắt văn phòng&nbsp;</u></em></strong></p><p style="margin-right: 0px; margin-bottom: 15px; margin-left: 0px; color: rgb(0, 0, 0); font-family: Roboto, Arial, sans-serif; font-size: 15px;">Tủ sắt văn phòng làm bằng sắt được phun một lớp sơn tĩnh điện, có khả năng chống nấm, mốc và tình trạng han gỉ. Nhưng qua thời gian sử dụng lâu, nếu bạn không sử dụng đúng cách, tủ sắt rất dễ bị bong tróc sơn, có thể méo, bị han gỉ do oxy hóa theo thời gian.</p><p style="margin-right: 0px; margin-bottom: 15px; margin-left: 0px; color: rgb(0, 0, 0); font-family: Roboto, Arial, sans-serif; font-size: 15px;">Những việc cần làm để bảo quản tủ sắt văn phòng:</p><ol style="color: rgb(0, 0, 0); font-family: Roboto, Arial, sans-serif; font-size: 15px;"><li><strong>Tiến hành vệ sinh tủ định kỳ&nbsp;:</strong></li></ol><p style="margin-right: 0px; margin-bottom: 15px; margin-left: 0px; color: rgb(0, 0, 0); font-family: Roboto, Arial, sans-serif; font-size: 15px;">– Tiến hành vệ sinh tủ định kỳ không những giúp chúng ta phát hiện chỗ hỏng hóc mà còn tăng thời gian sử dụng tủ, cũng như giữ độ mới của tủ.</p><p style="margin-right: 0px; margin-bottom: 15px; margin-left: 0px; color: rgb(0, 0, 0); font-family: Roboto, Arial, sans-serif; font-size: 15px;">– Bạn cần vệ sinh tủ sắt một cách đúng cách, nên dùng chổi mềm, khăn ẩm và các chất tẩy rửa nhẹ và hạn chế sử dụng các hóa chất tẩy rửa mạnh vì nó sẽ phá hỏng lớp sơn bên ngoài tủ.</p><p style="margin-right: 0px; margin-bottom: 15px; margin-left: 0px; color: rgb(0, 0, 0); font-family: Roboto, Arial, sans-serif; font-size: 15px;"><strong><em><u>Chú ý:</u></em></strong></p><p style="margin-right: 0px; margin-bottom: 15px; margin-left: 0px; color: rgb(0, 0, 0); font-family: Roboto, Arial, sans-serif; font-size: 15px;">Không nên sử dụng giấy nhám và bột sắt khi vệ sinh tủ:</p><p style="margin-right: 0px; margin-bottom: 15px; margin-left: 0px; color: rgb(0, 0, 0); font-family: Roboto, Arial, sans-serif; font-size: 15px;">+ Sử dụng giấy nhám khi vệ sinh tủ có thể gây bong tróc lớp sơn tĩnh điện, vô tình khiến tủ nhanh bị gỉ sét hơn</p><p style="margin-right: 0px; margin-bottom: 15px; margin-left: 0px; color: rgb(0, 0, 0); font-family: Roboto, Arial, sans-serif; font-size: 15px;">+ Sử dụng bột sắt có thể đánh sạch tủ rất tốt nhưng nó có thể gây xước hỏng cho chiếc tủ sắt, làm mất tính thẩm mỹ của sản phẩm.</p><ol start="2" style="color: rgb(0, 0, 0); font-family: Roboto, Arial, sans-serif; font-size: 15px;"><li><strong>Nhẹ tay khi vận chuyển&nbsp;:</strong></li></ol><p style="margin-right: 0px; margin-bottom: 15px; margin-left: 0px; color: rgb(0, 0, 0); font-family: Roboto, Arial, sans-serif; font-size: 15px;">– Tủ sắt văn phòng làm từ vật liệu sắt khá là cứng, nhưng trong quá trình di chuyển, tủ bị va đập cũng khó tránh khỏi tình trạng tủ bị méo hay biến dạng.</p><ol start="3" style="color: rgb(0, 0, 0); font-family: Roboto, Arial, sans-serif; font-size: 15px;"><li><strong>Chọn vị trí kê tủ :</strong></li></ol><p style="margin-right: 0px; margin-bottom: 15px; margin-left: 0px; color: rgb(0, 0, 0); font-family: Roboto, Arial, sans-serif; font-size: 15px;">–&nbsp; Bạn nên kê tủ sắt ở những nơi có bề mặt bằng phẳng, tránh những nơi gồ ghề, sẽ gây mất thăng bằng, dễ đổ tủ.</p><p style="margin-right: 0px; margin-bottom: 15px; margin-left: 0px; color: rgb(0, 0, 0); font-family: Roboto, Arial, sans-serif; font-size: 15px;">–&nbsp; Bạn cần đặt tủ sắt ở những nơi thông thoáng, khô ráo, tránh ẩm thấp và dễ bị hút ẩm. Đồng thời hạn chế đặt tủ sắt ở nơi có ánh sáng mặt trời chiếu trực tiếp vào tủ vì sẽ làm lớp sơn bên ngoài nhanh khô và bị bong tróc</p><p style="margin-right: 0px; margin-bottom: 15px; margin-left: 0px; color: rgb(0, 0, 0); font-family: Roboto, Arial, sans-serif; font-size: 15px;">–&nbsp;&nbsp;Tuyệt đối không để tủ sắt ở những nơi có nồng độ axit cao, vì axit dễ ăn mòn tủ, gây han gỉ một cách nhanh chóng.</p><ol start="4" style="color: rgb(0, 0, 0); font-family: Roboto, Arial, sans-serif; font-size: 15px;"><li><strong>Sắp xếp đồ đạc hợp lý</strong></li></ol><p style="margin-right: 0px; margin-bottom: 15px; margin-left: 0px; color: rgb(0, 0, 0); font-family: Roboto, Arial, sans-serif; font-size: 15px;">Trong quá trình sử dụng tủ, nên bài trí đồ đạc một cách hợp lý, khoa học, phù hợp với các công năng mà nhà thiết kế đưa ra. Cách sắp xếp&nbsp;tủ sắt đựng tài liệu&nbsp;cũng rất quan trọng, nó ảnh hưởng lớn tới độ bền của sản phẩm.</p><p style="margin-right: 0px; margin-bottom: 15px; margin-left: 0px; color: rgb(0, 0, 0); font-family: Roboto, Arial, sans-serif; font-size: 15px;">Với những chiếc tủ hồ sơ, bạn nên đựng những tập giấy nặng ở phía dưới còn bên trên để trang trí hoặc đựng một số ít tài liệu ít dùng tới. Bởi lẽ, nếu phần trên của tủ mà nặng, phần dưới nhẹ thì nó sẽ dồn lực xuống, làm cho kết cấu dần dần bị phá vỡ, hãy phân chia giấy tờ một cách khoa học để tiện cho việc tìm kiếm khi cần đến.</p><p style="margin-right: 0px; margin-bottom: 15px; margin-left: 0px; color: rgb(0, 0, 0); font-family: Roboto, Arial, sans-serif; font-size: 15px;">Bên cạnh đó, cũng cần chú ý đến việc để đồ trong tủ sao cho phù hợp với kích thước và trọng lượng. Nếu chứa đồ quá nhiều so với sức chịu của tủ, tủ sẽ nhanh chóng xuống cấp. Đựng đồ có kích thước phải chăng: mặc dù là tủ sắt, có chất lượng tốt cũng như có thể chịu được sức nặng nhưng để tủ có tuổi thọ cao, bạn nên cất giữ đồ vật phù hợp. Với những mẫu tủ là ngăn kéo, để đồ của nặng khiến việc kéo tủ trở nên khó khăn, không những thế, tủ cũng sẽ nhanh hỏng.</p><p style="margin-right: 0px; margin-bottom: 15px; margin-left: 0px; color: rgb(0, 0, 0); font-family: Roboto, Arial, sans-serif; font-size: 15px;">Ngoài ra, cũng không nên chứa những món đồ quá khổ nhưng vẫn cố đóng tủ lại, cánh tủ sẽ nhanh chóng bị hỏng, ảnh hưởng đến kết cấu của toàn bộ tủ, đặt biệt là dễ bị hỏng khóa.</p><div><p style="margin-right: 0px; margin-bottom: 15px; margin-left: 0px; color: rgb(0, 0, 0); font-family: Roboto, Arial, sans-serif; font-size: 15px;"><strong>Bước 3. Các cách vệ sinh tủ sắt</strong></p><p style="margin-right: 0px; margin-bottom: 15px; margin-left: 0px; color: rgb(0, 0, 0); font-family: Roboto, Arial, sans-serif; font-size: 15px;">Tuy nhiên sau thời gian dài sử dụng tủ sẽ có những vết bẩn khó lau chùi hoặc bị oxy hóa làm tủ bị gỉ sét và xuống cấp nhanh chóng. Vì vậy dưới đây chúng tôi sẽ hướng dẫn bạn cách vệ sinh tủ sắt văn phòng đúng cách giúp giữ gìn và phát huy tối đa công năng của tủ.</p><ol style="color: rgb(0, 0, 0); font-family: Roboto, Arial, sans-serif; font-size: 15px;"><li><strong><em>Làm sạch tủ sắt văn phòng bằng giấm trắng</em></strong></li></ol><p style="margin-right: 0px; margin-bottom: 15px; margin-left: 0px; color: rgb(0, 0, 0); font-family: Roboto, Arial, sans-serif; font-size: 15px;">Giấm trắng có rất nhiều công dụng trong đời sống của con người. Đối với những chiếc tủ sắt thì giấm cũng có khả năng làm sạch gỉ bám trên kim loại nên bạn hãy dùng nó để vệ sinh tủ sắt văn phòng</p><p style="margin-right: 0px; margin-bottom: 15px; margin-left: 0px; color: rgb(0, 0, 0); font-family: Roboto, Arial, sans-serif; font-size: 15px;">Thông thường tủ sắt đựng đồ sẽ dễ bị gỉ ở phần chân và lưng. Bạn chỉ cần làm thao tác đơn giản là đổ trực tiếp giấm lên bề mặt kim loại và đợi 1 lúc thì chùi rửa chúng hay cũng có thể dùng miếng vải tẩm giấm lau lên bề mặt bị gỉ sắt. Chiếc tủ sắt văn phòng của bạn sẽ trở lại bóng đẹp như ban đầu chỉ trong 1 thời gian ngắn.</p><p style="margin-right: 0px; margin-bottom: 15px; margin-left: 0px; color: rgb(0, 0, 0); font-family: Roboto, Arial, sans-serif; font-size: 15px;"><strong><em>2.</em></strong><strong><em>Vệ sinh tủ sắt văn phòng bằng chanh và muối</em></strong></p><p style="margin-right: 0px; margin-bottom: 15px; margin-left: 0px; color: rgb(0, 0, 0); font-family: Roboto, Arial, sans-serif; font-size: 15px;">Chanh và muối cũng có công dụng tương tự như giấm trắng. Sự kết hợp của axit có trong chanh và độ mặn của muối sẽ giúp đánh bay mọi vết bẩn còn lại trên kể cả với chiếc tủ có cánh cửa làm bằng kính, tủ ghép thì chúng cũng sẽ nhanh chóng sáng bóng trở lại. Hỗn hợp này cũng giúp cho chiếc tủ của bạn mất đi những mùi khó chịu sau thời gian dài sử dụng. Kể cả tủ sắt văn phòng giá rẻ hay những chiếc tủ cao cấp đều có thể gặp tình trạng có mùi hôi sau nhiều năm sử dụng.</p><p style="margin-right: 0px; margin-bottom: 15px; margin-left: 0px; color: rgb(0, 0, 0); font-family: Roboto, Arial, sans-serif; font-size: 15px;">Bạn chỉ cần rắc một ít muối lên khu vực tủ bị bẩn và đổ nước chanh lên. Có thể cho nhiều với những vết bẩn cứng đầu và để hỗn hợp trong khoảng&nbsp; 2 – 3 giờ và rửa lại chúng. Sau đó, sử dụng vỏ chanh để chà xát lên hỗn hợp vừa đổ trên bề mặt tủ sắt đựng đồ, các vết gỉ, vết bẩn sẽ được làm sạch ngay mà không làm hỏng chiếc tủ sắt văn phòng của bạn. Bạn có thể áp dụng công thức này với tất cả các loại tủ sắt&nbsp;thông dụng.</p><p style="margin-right: 0px; margin-bottom: 15px; margin-left: 0px; color: rgb(0, 0, 0); font-family: Roboto, Arial, sans-serif; font-size: 15px;"><strong><em>3.</em></strong><strong><em>Sử dụng backing soda làm sạch tủ sắt</em></strong></p><p style="margin-right: 0px; margin-bottom: 15px; margin-left: 0px; color: rgb(0, 0, 0); font-family: Roboto, Arial, sans-serif; font-size: 15px;">Trộn backing soda cùng với nước và bôi vào phần tủ sắt sơn tĩnh điện bị gỉ sắt, để khoảng vài giờ rồi mới tiến hành làm sạch. Bạn cũng có thể sử dụng 1 chiếc bàn chải đánh răng để chà xát hỗn hợp này và sau đó lau sạch lại với nước. Có thể trộn loại hỗn hợp này theo mức độ gỉ sét của kim loại. Cách này cũng có thể áp dụng để làm sạch cả những chiếc bàn làm việc văn phòng bằng chân sắt.</p><p style="margin-right: 0px; margin-bottom: 15px; margin-left: 0px; color: rgb(0, 0, 0); font-family: Roboto, Arial, sans-serif; font-size: 15px;"><strong><em>4.</em></strong><strong><em>Làm mới tủ sắt văn phòng bằng khoai tây</em></strong></p><p style="margin-right: 0px; margin-bottom: 15px; margin-left: 0px; color: rgb(0, 0, 0); font-family: Roboto, Arial, sans-serif; font-size: 15px;">Sau một thời gian dài sử dụng, chiếc tủ sắt đựng tài liệu văn phòng của bạn sẽ không thể bóng đẹp như ban đầu nữa. Để giữ gìn vẻ đẹp thẩm mỹ cũng như giá trị sử dụng lâu bền của chúng thì bạn hãy cắt khoai tây thành các lát mỏng, chà thật mạnh trực tiếp lên các vị trí cần làm sạch, làm mới của tủ rồi lau lại bằng giẻ mềm. Ngay cả với phần cửa kính của tủ sắt tài liệu cũng có thể làm sạch bằng cách này.</p></div>', N'AC0001', 1, CAST(N'2023-06-25T11:14:21.003' AS DateTime), N'img/Blog011.jpg')
INSERT [dbo].[Blog] (  [CommentID], [Title], [SubTitle], [Content], [AccountID], [BlogCateID], [Time], [Image]) VALUES ( NULL, N'Cách giặt thảm lông đơn giản và tiện dụng nhất hiện nay', N'Cách giặt thảm lông', N'<h2 style="color: rgb(0, 0, 0); font-family: Roboto, Arial, sans-serif; text-align: justify;"><span id="Nhung_cach_giat_tham_long_don_gian_tai_Lamsach5s"><span style="font-weight: 400;">Những cách giặt thảm lông đơn giản tại Lamsach5s</span></span></h2><p style="margin-right: 0px; margin-bottom: 15px; margin-left: 0px; color: rgb(0, 0, 0); font-family: Roboto, Arial, sans-serif; font-size: 15px; text-align: justify;">Thảm lông không chỉ là công cụ trang hoàng cho ngôi nhà của bạn thêm phần sinh động và đẹp mắt mà chúng còn có cực nhiều công dụng khác nữa. Vì thế công cụ này luôn rất cần thiết trong cuộc sống của chúng ta. Tuy nhiên việc giữ cho các tấm thảm này được sạch sẽ là điều không dễ dàng. Sau đây là một số&nbsp;<b>cách giặt thảm lông&nbsp;</b>đơn giản nhất để mọi người tìm hiểu.&nbsp;</p><h3 style="color: rgb(0, 0, 0); font-family: Roboto, Arial, sans-serif; text-align: justify;"><span id="Giat_tham_bang_bot_Baking_soda"><span style="font-weight: 400;">Giặt thảm bằng bột Baking soda</span></span></h3><p style="margin-right: 0px; margin-bottom: 15px; margin-left: 0px; color: rgb(0, 0, 0); font-family: Roboto, Arial, sans-serif; font-size: 15px; text-align: justify;">Baking soda là sản phẩm tẩy rửa cực hiệu quả mà nhiều người đã sử dụng và đặt hiệu quả cực tốt. Vì thế mọi người cùng có thể dùng phương pháp này theo các bước cụ thể như sau.&nbsp;</p><ul style="margin-right: 0px; margin-bottom: 15px; margin-left: 0px; padding-left: 24px; color: rgb(0, 0, 0); font-family: Roboto, Arial, sans-serif; font-size: 15px; text-align: justify;"><li>Bước 1: các bạn hãy dùng bột Baking soda để rắc đều lên tấm thảm cần vệ sinh.&nbsp;</li><li>Bước 2: Khi đã hoàn thành bước 1 mọi người hãy cho nước ấm vào bình và xịt lên&nbsp;<a href="https://lamsach5s.vn/cac-loai-tham-lot-san-van-phong-thong-dung-nhat-hien-nay/" style="color: var(--primary); transition: all 300ms ease 0s;">tấm thảm</a>&nbsp;vừa được rắc Baking soda và chờ tầm 3 giờ đồng hồ.</li><li>Bước 3: Sau khi đã xong quá trình chờ đợi chúng ta có thể dùng máy hút bụi và hút hết sách các chất bẩn của tấm thảm lông.&nbsp;</li></ul><p>Giặc thảm&nbsp;</p><h3 style="color: rgb(0, 0, 0); font-family: Roboto, Arial, sans-serif; text-align: justify;"><span id="Giat_tham_bang_nuoc_lau_kinh"><span style="font-weight: 400;">bằng nước lau kính</span></span></h3><p style="margin-right: 0px; margin-bottom: 15px; margin-left: 0px; color: rgb(0, 0, 0); font-family: Roboto, Arial, sans-serif; font-size: 15px; text-align: justify;">Như mọi người cùng biết nước lau kính là dung dịch có thể làm sạch các vết ẩm mốc, ố vàng trên một số sản phẩm. Vì thế mọi chúng ta cùng có thể dùng cách này để vệ sinh tấm thảm của mình cụ thể như sau.</p><ul style="margin-right: 0px; margin-bottom: 15px; margin-left: 0px; padding-left: 24px; color: rgb(0, 0, 0); font-family: Roboto, Arial, sans-serif; font-size: 15px; text-align: justify;"><li>Bước 1: Đầu tiên các bạn hãy lấy nước lau kính xịt trực tiếp lên vết ố bẩn rồi chờ trong khoảng thời gian từ 3 đến 5 phút.&nbsp;</li><li>Bước 2: Sau quá trình chờ đợi để làm mềm các vết bẩn chúng ta sẽ lấy một tấm khăn sách đặt lên chỗ ố của tấm thảm và dùng bàn là để ủi trên bề mặt. Thao tác này giúp vết bẩn bị thấm vào khăn và kết quả tấm thảm của bạn sẽ trở lại sách sẽ.</li></ul><h3 style="color: rgb(0, 0, 0); font-family: Roboto, Arial, sans-serif; text-align: justify;"><span id="Giat_tham_long_voi_xa_phong_va_nuoc"><span style="font-weight: 400;">Giặt thảm lông với xà phòng và nước</span></span></h3><p style="margin-right: 0px; margin-bottom: 15px; margin-left: 0px; color: rgb(0, 0, 0); font-family: Roboto, Arial, sans-serif; font-size: 15px; text-align: justify;">Cách vệ sinh thảm bằng 2 nguyên liệu phổ thông nhất là xà phòng và nước có thể giúp các bạn loại bỏ vết bẩn cực hiệu quả. Với phương pháp này mọi người hãy thực hiện theo quy trình gợi ý như sau.&nbsp;</p><ul style="margin-right: 0px; margin-bottom: 15px; margin-left: 0px; padding-left: 24px; color: rgb(0, 0, 0); font-family: Roboto, Arial, sans-serif; font-size: 15px; text-align: justify;"><li>Bước 1: Để bắt đầu công cuộc vệ sinh mọi người hãy ngân tấm thảm trong hố hợp nước và xà một khoảng thời gian tầm 30 phút.&nbsp;</li><li>Bước 2: Khi thấy các vết bẩn đã mềm và phai bới chúng ta sẽ thực hiện công việc vò thảm hoặc bạn có thể dùng các dụng cụ chuyên dùng để trà sạch.</li><li>Bước 3: Mọi người chỉ cần xả lại với nước sách sau đó phơi khô hoặc sấy là hoàn thành.<h2 style="color: rgb(0, 0, 0); font-family: Roboto, Arial, sans-serif;"><span id="Cac_diem_can_chu_y_khi_giat_tham_long"><span style="font-weight: 400;">Các điểm cần chú ý khi giặt thảm lông&nbsp;</span></span></h2><p style="margin-right: 0px; margin-bottom: 15px; margin-left: 0px;"><a href="https://lamsach5s.vn/5-cach-khu-mui-hoi-cho-tham-nhanh-chong-va-hieu-qua/" style="color: var(--primary); transition: all 300ms ease 0s;">Làm sạch thảm</a>&nbsp;lông sẽ giúp thẩm mỹ căn nhà của bạn được hoàn mỹ hơn cũng như giữ vệ sinh và đảm bảo sức khỏe cho người dùng. Tuy nhiên để vệ sinh các vật dùng này hiệu quả mọi người hãy lưu ý một số điểm sau.</p><ul style="margin-right: 0px; margin-bottom: 15px; margin-left: 0px; padding-left: 24px;"><li>Làm khô nhanh chóng không để quá lâu như vậy sẽ gây ẩm mốc và làm mục thảm.</li><li>Mọi người nên hút bớt bụi bẩn trước khi giặt thì tấm thảm có thể được làm sách hiệu quả hơn.</li><li>Không đánh mạnh tay quá như vậy sẽ làm rơi rùng hoạt hỏng các lớp lông trên thảm.</li></ul></li></ul>', N'AC0001', 1, CAST(N'2023-06-25T11:17:58.547' AS DateTime), N'img/Blog012.jpg')
INSERT [dbo].[Blog] (  [CommentID], [Title], [SubTitle], [Content], [AccountID], [BlogCateID], [Time], [Image]) VALUES ( NULL, N'Tủ lạnh bị chảy nước do đâu? Cách khắc phục hiệu quả nhất', N'Tủ lạnh bị chảy nước', N'<p style="margin-bottom: 1.3em; color: rgb(51, 51, 51); font-family: &quot;-apple-system, BlinkMacSystemFont, &amp;quot;Segoe UI&amp;quot;, Roboto, Oxygen-Sans, Ubuntu, Cantarell, &amp;quot;Helvetica Neue&amp;quot;, sans-serif&quot;, sans-serif; font-size: medium; text-align: justify;">Hiện tượng&nbsp;<span style="font-weight: bolder;">tủ lạnh bị chảy nước</span>&nbsp;có thể xảy ra sau một thời gian sử dụng. Nó không chỉ gây ra phiền phức cho người sử dụng mà còn làm giảm tuổi thọ của thiết bị. Trong bài viết dưới đây, các chuyên gia V-HomeClean sẽ giải đáp chi tiết về nguyên nhân và cách khắc phục tình trạng này.</p><h2 style="color: rgb(51, 51, 51); width: 963.662px; margin-bottom: 0.5em; text-rendering: optimizespeed; font-size: 1.6em; line-height: 1.3; font-family: &quot;-apple-system, BlinkMacSystemFont, &amp;quot;Segoe UI&amp;quot;, Roboto, Oxygen-Sans, Ubuntu, Cantarell, &amp;quot;Helvetica Neue&amp;quot;, sans-serif&quot;, sans-serif; text-align: justify;">Tủ lạnh bị chảy nước ở ngăn đá</h2><p style="margin-bottom: 1.3em; color: rgb(51, 51, 51); font-family: &quot;-apple-system, BlinkMacSystemFont, &amp;quot;Segoe UI&amp;quot;, Roboto, Oxygen-Sans, Ubuntu, Cantarell, &amp;quot;Helvetica Neue&amp;quot;, sans-serif&quot;, sans-serif; font-size: medium; text-align: justify;"><span style="font-weight: bolder;">Tủ lạnh bị chảy nước</span>&nbsp;ở ngăn đá là tình trạng xảy ra phổ biến. Điều này chứng tỏ luồng khí lạnh lưu thông trên ngăn mát không ổn định. Một số nguyên nhân khiến thiết bị gặp trục trặc như sau:</p><ul style="list-style-position: initial; list-style-image: initial; padding: 0px; margin-bottom: 1.3em; color: rgb(51, 51, 51); font-family: &quot;-apple-system, BlinkMacSystemFont, &amp;quot;Segoe UI&amp;quot;, Roboto, Oxygen-Sans, Ubuntu, Cantarell, &amp;quot;Helvetica Neue&amp;quot;, sans-serif&quot;, sans-serif; font-size: medium; text-align: justify;"><li aria-level="1" style="margin-bottom: 0.6em; margin-left: 1.3em;">Sắp xếp thực phẩm bên trong tủ không hợp lý. Lượng thực phẩm bị nhồi nhét ở ngăn đông quá nhiều hoặc xếp dồn về một phía.</li><li aria-level="1" style="margin-bottom: 0.6em; margin-left: 1.3em;">Đóng cửa tủ không chặt khiến hơi lạnh bên trong ngăn đông thoát ra ngoài. Hoặc lớp gioăng cao su sử dụng lâu ngày dẫn đến bị cũ, rách. Lúc này, luồng không khí bên ngoài sẽ len lỏi vào tủ gây ra hiện tượng chảy nước.</li><li aria-level="1" style="margin-bottom: 0.6em; margin-left: 1.3em;">Tủ lạnh đang trong chế độ xả đông. Lúc đó, lớp đá tan ra dẫn đến chảy nước ở ngăn đông.</li></ul><p style="margin-bottom: 1.3em; color: rgb(51, 51, 51); font-family: &quot;-apple-system, BlinkMacSystemFont, &amp;quot;Segoe UI&amp;quot;, Roboto, Oxygen-Sans, Ubuntu, Cantarell, &amp;quot;Helvetica Neue&amp;quot;, sans-serif&quot;, sans-serif; font-size: medium; text-align: justify;">Cách khắc phục tình trạng<span style="font-weight: bolder;">&nbsp;tủ lạnh bị chảy nước</span>&nbsp;ở ngăn đá không quá phức tạp. Bạn có thể áp dụng một số cách dưới đây để thiết bị hoạt động ổn định. Đó là:</p><ul style="list-style-position: initial; list-style-image: initial; padding: 0px; margin-bottom: 1.3em; color: rgb(51, 51, 51); font-family: &quot;-apple-system, BlinkMacSystemFont, &amp;quot;Segoe UI&amp;quot;, Roboto, Oxygen-Sans, Ubuntu, Cantarell, &amp;quot;Helvetica Neue&amp;quot;, sans-serif&quot;, sans-serif; font-size: medium; text-align: justify;"><li aria-level="1" style="margin-bottom: 0.6em; margin-left: 1.3em;">Xếp thực phẩm bên trong tủ gọn gàng, khoa học. Bạn không nên cấp đông quá nhiều thực phẩm mà hãy ưu tiên sử dụng đồ tươi mới.</li><li aria-level="1" style="margin-bottom: 0.6em; margin-left: 1.3em;">Kiểm tra gioăng tủ lạnh xem có đảm bảo chất lượng hay không để thay mới.</li><li aria-level="1" style="margin-bottom: 0.6em; margin-left: 1.3em;">Thực hiện lịch vệ sinh tủ lạnh theo định kỳ.</li></ul><h2 style="color: rgb(51, 51, 51); width: 963.662px; margin-bottom: 0.5em; text-rendering: optimizespeed; font-size: 1.6em; line-height: 1.3; font-family: &quot;-apple-system, BlinkMacSystemFont, &amp;quot;Segoe UI&amp;quot;, Roboto, Oxygen-Sans, Ubuntu, Cantarell, &amp;quot;Helvetica Neue&amp;quot;, sans-serif&quot;, sans-serif; text-align: justify;">Ngăn mát tủ lạnh bị chảy nước</h2><p style="margin-bottom: 1.3em; color: rgb(51, 51, 51); font-family: &quot;-apple-system, BlinkMacSystemFont, &amp;quot;Segoe UI&amp;quot;, Roboto, Oxygen-Sans, Ubuntu, Cantarell, &amp;quot;Helvetica Neue&amp;quot;, sans-serif&quot;, sans-serif; font-size: medium; text-align: justify;">Ngăn mát của tủ lạnh có không gian chứa đồ rộng rãi. Bạn có thể sắp xếp rau xanh, trái cây tươi, nước ngọt, bánh kẹo… ở trong tủ để không bị ảnh hưởng về chất lượng. Tuy nhiên, một số người cho rau củ vào trong tủ ngay sau khi vừa mua về khiến ngăn mát bị chảy nước. Để khắc phục tình trạng này, bạn cần sơ chế rau củ trước khi bảo quản. Hãy rửa sạch đất, cát bám dính trên thực phẩm và loại bỏ những cọng rau bị sâu, héo. Sau đó, bạn rửa qua rau củ, đợi ráo nước và sắp xếp vào ngăn mát.</p><p style="margin-bottom: 1.3em; color: rgb(51, 51, 51); font-family: &quot;-apple-system, BlinkMacSystemFont, &amp;quot;Segoe UI&amp;quot;, Roboto, Oxygen-Sans, Ubuntu, Cantarell, &amp;quot;Helvetica Neue&amp;quot;, sans-serif&quot;, sans-serif; font-size: medium; text-align: justify;">Bên cạnh đó, bạn không nên cho quá nhiều thực phẩm vào trong ngăn mát. Dựa theo mức dung tích của thiết bị, bạn tính toán về lượng thực phẩm cho hợp lý. Hãy dành khoảng không gian nhất định để khí mát lưu thông thuận lợi. Nếu hệ thống thông gió bị tắc nghẽn thì ngăn mát sẽ bị chảy nước.</p><h3 style="color: rgb(51, 51, 51); width: 963.662px; margin-bottom: 0.5em; text-rendering: optimizespeed; font-size: 1.25em; font-family: &quot;-apple-system, BlinkMacSystemFont, &amp;quot;Segoe UI&amp;quot;, Roboto, Oxygen-Sans, Ubuntu, Cantarell, &amp;quot;Helvetica Neue&amp;quot;, sans-serif&quot;, sans-serif; text-align: justify;">Khay nước ở sau tủ lạnh bị hỏng</h3><p style="margin-bottom: 1.3em; color: rgb(51, 51, 51); font-family: &quot;-apple-system, BlinkMacSystemFont, &amp;quot;Segoe UI&amp;quot;, Roboto, Oxygen-Sans, Ubuntu, Cantarell, &amp;quot;Helvetica Neue&amp;quot;, sans-serif&quot;, sans-serif; font-size: medium; text-align: justify;">Khi gặp tình trạng<span style="font-weight: bolder;">&nbsp;tủ lạnh bị chảy nước</span>, bạn nên kiểm tra ngay thiết bị. Nếu ngăn đá và ngăn mát vẫn hoạt động ổn định thì bạn tiếp tục kiểm tra khay nước ở phía sau tủ. Những nguyên nhân khiến bộ phận này bị chảy nước như sau:</p><ul style="list-style-position: initial; list-style-image: initial; padding: 0px; margin-bottom: 1.3em; color: rgb(51, 51, 51); font-family: &quot;-apple-system, BlinkMacSystemFont, &amp;quot;Segoe UI&amp;quot;, Roboto, Oxygen-Sans, Ubuntu, Cantarell, &amp;quot;Helvetica Neue&amp;quot;, sans-serif&quot;, sans-serif; font-size: medium; text-align: justify;"><li aria-level="1" style="margin-bottom: 0.6em; margin-left: 1.3em;">Bụi bẩn bám dính quá nhiều gây tắc nghẽn lỗ thoát nước.</li><li aria-level="1" style="margin-bottom: 0.6em; margin-left: 1.3em;">Khay nước bị nứt, vỡ dẫn đến rò rỉ nước ra sàn nhà.</li><li aria-level="1" style="margin-bottom: 0.6em; margin-left: 1.3em;">Ống cấp nước của tủ lạnh bị vỡ, thủng dẫn đến hiện tượng tràn nước.</li></ul><p style="margin-bottom: 1.3em; color: rgb(51, 51, 51); font-family: &quot;-apple-system, BlinkMacSystemFont, &amp;quot;Segoe UI&amp;quot;, Roboto, Oxygen-Sans, Ubuntu, Cantarell, &amp;quot;Helvetica Neue&amp;quot;, sans-serif&quot;, sans-serif; font-size: medium; text-align: justify;">Tình trạng khay nước ở phía sau tủ lạnh bị rò nước gây ảnh hưởng đến môi trường sống. Thậm chí, tính mạng của con người có thể bị đe dọa bởi liên quan đến sự cố giật điện. Chính vì vậy, khi phát hiện&nbsp;<span style="font-weight: bolder;">tủ lạnh bị chảy nước</span>, bạn nên rút dây nguồn. Tiếp đó, bạn kiểm tra xem lỗ thoát nước có lưu thông được hay không? Khay nước và ống cấp nước gặp vấn đề gì? Nếu bạn không có chuyên môn về lĩnh vực sửa chữa tủ lạnh thì nên gọi ngay thợ kỹ thuật.</p><p style="margin-bottom: 1.3em; color: rgb(51, 51, 51); font-family: &quot;-apple-system, BlinkMacSystemFont, &amp;quot;Segoe UI&amp;quot;, Roboto, Oxygen-Sans, Ubuntu, Cantarell, &amp;quot;Helvetica Neue&amp;quot;, sans-serif&quot;, sans-serif; font-size: medium; text-align: justify;">Vậy nên lựa chọn dịch vụ sửa chữa điện lạnh ở địa chỉ nào uy tín? V-HomeClean chính là đơn vị sửa chữa tủ lạnh chuyên nghiệp. Đến với chúng tôi, bạn sẽ được phục vụ chu đáo bởi đội ngũ nhân viên có tay nghề cao. Nguyên nhân khiến tủ lạnh bị hỏng sẽ được truy tìm nhanh chóng và sửa chữa kịp thời.</p>', N'AC0001', 2, CAST(N'2023-06-25T11:21:01.593' AS DateTime), N'img/Blog013.jpg')
GO


GO
SET IDENTITY_INSERT [dbo].[Booking] ON 
GO
INSERT [dbo].[Booking] ([BookingID], [AccountID], [BookingStatus], [StaffID], [ServiceID]) VALUES (1, N'AC0006', N'Hoàn thành', N'AC0003', N'SE03')
GO
INSERT [dbo].[Booking] ([BookingID], [AccountID], [BookingStatus], [StaffID], [ServiceID]) VALUES (2, N'AC0006', N'Hoàn thành', N'AC0004', N'SE02')
GO
INSERT [dbo].[Booking] ([BookingID], [AccountID], [BookingStatus], [StaffID], [ServiceID]) VALUES (3, N'AC0006', N'Chờ xác nhận', N'', N'SE02')
GO
INSERT [dbo].[Booking] ([BookingID], [AccountID], [BookingStatus], [StaffID], [ServiceID]) VALUES (4, N'AC0006', N'Chờ xác nhận', N'', N'SE03')
GO
SET IDENTITY_INSERT [dbo].[Booking] OFF
GO
SET IDENTITY_INSERT [dbo].[BookingDetail] ON 
GO
INSERT [dbo].[BookingDetail] ([BookingDetail_ID], [BookingID], [TotalPrice], [BookingDate], [BookingAddress], [TypeOfService], [Message]) VALUES (1, 1, 300000.0000, CAST(N'2023-06-28T00:49:00.000' AS DateTime), N'S1.07 || Vinhomes Golden River - TP. Hồ Chí Minh', N'Định kì theo tuần', N'Test')
GO
INSERT [dbo].[BookingDetail] ([BookingDetail_ID], [BookingID], [TotalPrice], [BookingDate], [BookingAddress], [TypeOfService], [Message]) VALUES (2, 2, 100000.0000, CAST(N'2023-06-29T04:32:00.000' AS DateTime), N'S1.08 || Vinhomes Metropolis - Hà Nội', N'Dịch vụ 1 lần', N'Chuẩn bị kĩ càng giúp tôi')
GO
INSERT [dbo].[BookingDetail] ([BookingDetail_ID], [BookingID], [TotalPrice], [BookingDate], [BookingAddress], [TypeOfService], [Message]) VALUES (3, 3, 100000.0000, CAST(N'2023-06-29T16:13:00.000' AS DateTime), N'S1.08 || Vinhomes Golden River - TP. Hồ Chí Minh', N'Định kì theo tuần', N'Oke chưa ? ')
GO
INSERT [dbo].[BookingDetail] ([BookingDetail_ID], [BookingID], [TotalPrice], [BookingDate], [BookingAddress], [TypeOfService], [Message]) VALUES (4, 4, 300000.0000, CAST(N'2023-06-30T15:24:00.000' AS DateTime), N'S1.05 || Vinhomes Central Park - TP. Hồ Chí Minh', N'Dịch vụ 1 lần', N'Ok')
GO
SET IDENTITY_INSERT [dbo].[BookingDetail] OFF
GO
GO
SET IDENTITY_INSERT [dbo].[Notification] ON 
GO
INSERT [dbo].[Notification] ([NotificationID], [AccountID], [BookingID], [Detail], [Create_at], [Status], [TypeNoti]) VALUES (1, N'AC0006', 1, N'Nguyễn Hà Mai mới đặt lịch dịch vụ mới cho căn hộ S1.07 ở khu vực Vinhomes Golden River - TP. Hồ Chí Minh vào ngày 2023-06-28', CAST(N'2023-06-27T09:49:29.857' AS DateTime), 0, N'Admin')
GO
INSERT [dbo].[Notification] ([NotificationID], [AccountID], [BookingID], [Detail], [Create_at], [Status], [TypeNoti]) VALUES (2, N'AC0006', 1, N'Nhân viên Adela JohnSon sẽ đảm nhận cho dịch vụ Vệ sinh sofa, rèm, nệm, kính của bạn vào thời gian 2023-06-28 00:49:00.0', CAST(N'2023-06-27T09:50:02.893' AS DateTime), 0, N'User')
GO
INSERT [dbo].[Notification] ([NotificationID], [AccountID], [BookingID], [Detail], [Create_at], [Status], [TypeNoti]) VALUES (3, N'AC0003', 1, N'Bạn vừa được giao một đơn dịch vụ mới từ Quản lý Nguyễn Trung Kiên với mã hàng hóa là 1', CAST(N'2023-06-27T09:50:02.903' AS DateTime), 0, N'Staff')
GO
INSERT [dbo].[Notification] ([NotificationID], [AccountID], [BookingID], [Detail], [Create_at], [Status], [TypeNoti]) VALUES (4, N'AC0006', 1, N'Nhân viên Adela JohnSon đã xác nhận đơn của bạn và bắt đầu thực hiện.', CAST(N'2023-06-27T11:10:21.787' AS DateTime), 0, N'User')
GO
INSERT [dbo].[Notification] ([NotificationID], [AccountID], [BookingID], [Detail], [Create_at], [Status], [TypeNoti]) VALUES (5, N'AC0006', 1, N'Nhân viên Adela JohnSon đã xác nhận hoàn thành đơn, quý khách vui lòng xác nhận đơn.', CAST(N'2023-06-27T11:32:08.860' AS DateTime), 0, N'User')
GO
INSERT [dbo].[Notification] ([NotificationID], [AccountID], [BookingID], [Detail], [Create_at], [Status], [TypeNoti]) VALUES (6, N'AC0006', 2, N'Nguyễn Hà Mai mới đặt lịch dịch vụ mới cho căn hộ S1.08 ở khu vực Vinhomes Metropolis - Hà Nội vào ngày 2023-06-29', CAST(N'2023-06-28T11:32:32.433' AS DateTime), 0, N'Admin')
GO
INSERT [dbo].[Notification] ([NotificationID], [AccountID], [BookingID], [Detail], [Create_at], [Status], [TypeNoti]) VALUES (7, N'AC0006', 2, N'Nhân viên Johnson Micheal sẽ đảm nhận cho dịch vụ Vệ sinh phòng của bạn vào thời gian 2023-06-29 04:32:00.0', CAST(N'2023-06-28T11:40:44.220' AS DateTime), 0, N'User')
GO
INSERT [dbo].[Notification] ([NotificationID], [AccountID], [BookingID], [Detail], [Create_at], [Status], [TypeNoti]) VALUES (8, N'AC0004', 2, N'Bạn vừa được giao một đơn dịch vụ mới từ Quản lý Nguyễn Trung Kiên với mã hàng hóa là 2', CAST(N'2023-06-28T11:40:44.230' AS DateTime), 0, N'Staff')
GO
INSERT [dbo].[Notification] ([NotificationID], [AccountID], [BookingID], [Detail], [Create_at], [Status], [TypeNoti]) VALUES (9, N'AC0003', 1, N'Khách hàng Nguyễn Hà Mai đã xác nhận và đã gửi feed về đơn dịch vụ có mã số 1', CAST(N'2023-06-28T11:47:18.523' AS DateTime), 0, N'Staff')
GO
INSERT [dbo].[Notification] ([NotificationID], [AccountID], [BookingID], [Detail], [Create_at], [Status], [TypeNoti]) VALUES (10, N'AC0006', 2, N'Nhân viên Johnson Micheal đã xác nhận đơn của bạn và bắt đầu thực hiện.', CAST(N'2023-06-28T12:11:43.740' AS DateTime), 0, N'User')
GO
INSERT [dbo].[Notification] ([NotificationID], [AccountID], [BookingID], [Detail], [Create_at], [Status], [TypeNoti]) VALUES (11, N'AC0006', 2, N'Nhân viên Johnson Micheal đã xác nhận hoàn thành đơn, quý khách vui lòng xác nhận đơn.', CAST(N'2023-06-28T12:11:46.800' AS DateTime), 0, N'User')
GO
INSERT [dbo].[Notification] ([NotificationID], [AccountID], [BookingID], [Detail], [Create_at], [Status], [TypeNoti]) VALUES (12, N'AC0004', 2, N'Khách hàng Nguyễn Hà Mai đã xác nhận và đã gửi feed về đơn dịch vụ có mã số 2', CAST(N'2023-06-28T12:12:20.360' AS DateTime), 0, N'Staff')
GO
INSERT [dbo].[Notification] ([NotificationID], [AccountID], [BookingID], [Detail], [Create_at], [Status], [TypeNoti]) VALUES (13, N'AC0006', 3, N'Nguyễn Hà Mai mới đặt lịch dịch vụ mới cho căn hộ S1.08 ở khu vực Vinhomes Golden River - TP. Hồ Chí Minh vào ngày 2023-06-29', CAST(N'2023-06-28T12:14:00.920' AS DateTime), 0, N'Admin')
GO
INSERT [dbo].[Notification] ([NotificationID], [AccountID], [BookingID], [Detail], [Create_at], [Status], [TypeNoti]) VALUES (14, N'AC0006', 4, N'Nguyễn Hà Mai mới đặt lịch dịch vụ mới cho căn hộ S1.05 ở khu vực Vinhomes Central Park - TP. Hồ Chí Minh vào ngày 2023-06-30', CAST(N'2023-06-28T12:24:52.940' AS DateTime), 0, N'Admin')
GO
SET IDENTITY_INSERT [dbo].[Notification] OFF
GO


GO
SET IDENTITY_INSERT [dbo].[Feedback] ON 
GO
INSERT [dbo].[Feedback] ([FeedbackID], [Date], [Feedback_Text], [Rating], [AccountID], [BookingID]) VALUES (1, CAST(N'2023-06-28T11:47:18.540' AS DateTime), N'Dịch vụ tốt và Oke', 2.6, N'AC0006', 1)
GO
INSERT [dbo].[Feedback] ([FeedbackID], [Date], [Feedback_Text], [Rating], [AccountID], [BookingID]) VALUES (2, CAST(N'2023-06-28T12:12:20.373' AS DateTime), N'Thắng đã hiểu chưa ??', 4.5, N'AC0006', 2)
GO
SET IDENTITY_INSERT [dbo].[Feedback] OFF
GO